,name of company,college name,region,year
0,3D PLM Software (Dassault),Army Institute of Technology,Pune,2018
1,Mindstix Software Labs,Army Institute of Technology,Pune,2018
2,Accops Systems,Army Institute of Technology,Pune,2018
3,Mu Sigma,Army Institute of Technology,Pune,2018
4,Adobe,Army Institute of Technology,Pune,2018
5,Must Garments,Army Institute of Technology,Pune,2018
6,Amazon,Army Institute of Technology,Pune,2018
7,NTT Data,Army Institute of Technology,Pune,2018
8,Amdocs,Army Institute of Technology,Pune,2018
9,Optymyze,Army Institute of Technology,Pune,2018
10,Amura Marketing Technologies,Army Institute of Technology,Pune,2018
11,Oracle Fin Serv Software ,Army Institute of Technology,Pune,2018
12,Atos India,Army Institute of Technology,Pune,2018
13,Oracle GBU,Army Institute of Technology,Pune,2018
14,Barclays,Army Institute of Technology,Pune,2018
15,Pernod Ricard India,Army Institute of Technology,Pune,2018
16,Bitwise,Army Institute of Technology,Pune,2018
17,Persistent Systems,Army Institute of Technology,Pune,2018
18,Blue Bricks,Army Institute of Technology,Pune,2018
19,Praj Industries,Army Institute of Technology,Pune,2018
20,Bristlecone India,Army Institute of Technology,Pune,2018
21,Precision Automation (PARI),Army Institute of Technology,Pune,2018
22,Capgemini,Army Institute of Technology,Pune,2018
23,Principal Global Services,Army Institute of Technology,Pune,2018
24,Commvault,Army Institute of Technology,Pune,2018
25,Reliance Jio,Army Institute of Technology,Pune,2018
26,Continental Automotive,Army Institute of Technology,Pune,2018
27,Renata Precision Components,Army Institute of Technology,Pune,2018
28,Deloitte,Army Institute of Technology,Pune,2018
29,Robert Bosch Engineering,Army Institute of Technology,Pune,2018
30,Directi,Army Institute of Technology,Pune,2018
31,Saba Software,Army Institute of Technology,Pune,2018
32,Edelweiss Financial Services,Army Institute of Technology,Pune,2018
33,Saint Gobain,Army Institute of Technology,Pune,2018
34,eLitmus,Army Institute of Technology,Pune,2018
35,Samsung R&D,Army Institute of Technology,Pune,2018
36,Epic Research Pvt Ltd,Army Institute of Technology,Pune,2018
37,Sanmar Group,Army Institute of Technology,Pune,2018
38,FIGmd,Army Institute of Technology,Pune,2018
39,Sapient,Army Institute of Technology,Pune,2018
40,Focus Academy of Career Enhancement,Army Institute of Technology,Pune,2018
41,SAS Research Pvt Ltd,Army Institute of Technology,Pune,2018
42,Godrej,Army Institute of Technology,Pune,2018
43,Schlumberger ,Army Institute of Technology,Pune,2018
44,Good Methods Global Inc,Army Institute of Technology,Pune,2018
45,Screen Magic,Army Institute of Technology,Pune,2018
46,Grindwell Norton,Army Institute of Technology,Pune,2018
47,Sears Holdings,Army Institute of Technology,Pune,2018
48,Hashmap Inc ,Army Institute of Technology,Pune,2018
49,Seclore,Army Institute of Technology,Pune,2018
50,HeyMojo Inc,Army Institute of Technology,Pune,2018
51,SKF India,Army Institute of Technology,Pune,2018
52,HSBC Software,Army Institute of Technology,Pune,2018
53,Symantec,Army Institute of Technology,Pune,2018
54,Hyundai Constructions,Army Institute of Technology,Pune,2018
55,Tata Consultancy Services,Army Institute of Technology,Pune,2018
56,IBM,Army Institute of Technology,Pune,2018
57,Tata Technologies,Army Institute of Technology,Pune,2018
58,INA Bearings,Army Institute of Technology,Pune,2018
59,Tech Mahindra,Army Institute of Technology,Pune,2018
60,Inbound Mantra,Army Institute of Technology,Pune,2018
61,Technip FMC,Army Institute of Technology,Pune,2018
62,Indix Internet India Pvt Ltd,Army Institute of Technology,Pune,2018
63,Thermax,Army Institute of Technology,Pune,2018
64,Intelegencia,Army Institute of Technology,Pune,2018
65,Thoughtworks,Army Institute of Technology,Pune,2018
66,Inteva Products India,Army Institute of Technology,Pune,2018
67,Varroc Group,Army Institute of Technology,Pune,2018
68,ION Trading,Army Institute of Technology,Pune,2018
69,Veritas,Army Institute of Technology,Pune,2018
70,JohnDeere,Army Institute of Technology,Pune,2018
71,Virtusa Polaris,Army Institute of Technology,Pune,2018
72,Josh Software,Army Institute of Technology,Pune,2018
73,Vodafone Shared Services,Army Institute of Technology,Pune,2018
74,Kay Bouvet,Army Institute of Technology,Pune,2018
75,Volkswagen,Army Institute of Technology,Pune,2018
76,Konecranes,Army Institute of Technology,Pune,2018
77,Wavelet Technologies (IFM Engg),Army Institute of Technology,Pune,2018
78,KPCL,Army Institute of Technology,Pune,2018
79,Webonise,Army Institute of Technology,Pune,2018
80,KPIT Technologies,Army Institute of Technology,Pune,2018
81,Whitesnow,Army Institute of Technology,Pune,2018
82,KPMG,Army Institute of Technology,Pune,2018
83,Wipro Technologies,Army Institute of Technology,Pune,2018
84,KSB Pumps,Army Institute of Technology,Pune,2018
85,Zimetrics,Army Institute of Technology,Pune,2018
86,L&T Infotech,Army Institute of Technology,Pune,2018
87,ZS Associates,Army Institute of Technology,Pune,2018
88,L&T Tech Services,Army Institute of Technology,Pune,2018
89,Zycus Infotech,Army Institute of Technology,Pune,2018
90,Live Health,Army Institute of Technology,Pune,2018
91,Mahindra & Mahindra,Army Institute of Technology,Pune,2018
92,Lotus Wireless Solutions ,Army Institute of Technology,Pune,2018
93,Maximojo,Army Institute of Technology,Pune,2018
94,JSW ,Army Institute of Technology,Pune,2018
95,Reflexis,Army Institute of Technology,Pune,2018
96,Byju’s Think & Learn,Army Institute of Technology,Pune,2018
97,Unitread,Army Institute of Technology,Pune,2018
98,Saka Engineerng ,Army Institute of Technology,Pune,2018
99,Microsoft,Army Institute of Technology,Pune,2018
100,Amadeus Labs ,Army Institute of Technology,Pune,2018
101,DeltaX,Army Institute of Technology,Pune,2018
102,Himachal Futuristic Communication Ltd ,Army Institute of Technology,Pune,2018
103,Quantiphi,Army Institute of Technology,Pune,2018
104,Techracers,Army Institute of Technology,Pune,2018
105,TIAA,Army Institute of Technology,Pune,2018
106,Value Labs ,Army Institute of Technology,Pune,2018
107,Wabco,Army Institute of Technology,Pune,2018
108,FL Smidth,Army Institute of Technology,Pune,2018
109,Winjit Technologies,Army Institute of Technology,Pune,2018
110,Forbes Marshall,Army Institute of Technology,Pune,2018
111,Jaro Education,Army Institute of Technology,Pune,2018
112,Nineleaps,Army Institute of Technology,Pune,2018
113,MiniOrange,Army Institute of Technology,Pune,2018
114,Praj Industries,Army Institute of Technology,Pune,2018
115,Samsung R&D,Army Institute of Technology,Pune,2018
116,Renishaw,Army Institute of Technology,Pune,2018
117,TCS,College of Engineering Pune,Pune,2018
118,WIPRO,College of Engineering Pune,Pune,2018
119,INFOSYS,College of Engineering Pune,Pune,2018
120,IBM SOFTWARE,College of Engineering Pune,Pune,2018
121,TECH MAHINDRA,College of Engineering Pune,Pune,2018
122,ACCENTURE,College of Engineering Pune,Pune,2018
123,TATA ELXSI,College of Engineering Pune,Pune,2018
124,DELOITTE,College of Engineering Pune,Pune,2018
125,SATYAM COMPUTER,College of Engineering Pune,Pune,2018
126,ATOS ORIGIN,College of Engineering Pune,Pune,2018
127,IFLEX SOLUTIONS,College of Engineering Pune,Pune,2018
128,GEOMETRIC SOFTWARE,College of Engineering Pune,Pune,2018
129,PATNI COMPUTERS,College of Engineering Pune,Pune,2018
130,KRAWLER NETWORKS,College of Engineering Pune,Pune,2018
131,NVIDIA,College of Engineering Pune,Pune,2018
132,H.P,College of Engineering Pune,Pune,2018
133,Z S ASSOCIATES,College of Engineering Pune,Pune,2018
134,AMDOCS,College of Engineering Pune,Pune,2018
135,CYBAGE SOFTWARE,College of Engineering Pune,Pune,2018
136,INFORMATICA,College of Engineering Pune,Pune,2018
137,TATA MOTORS LTD,College of Engineering Pune,Pune,2018
138,NEWGEN SOFTWARE,College of Engineering Pune,Pune,2018
139,JOHN DEERE,College of Engineering Pune,Pune,2018
140,CUMMINS,College of Engineering Pune,Pune,2018
141,INDIAN OIL,College of Engineering Pune,Pune,2018
142,DAIMLER CRYSLER,College of Engineering Pune,Pune,2018
143,BHARAT PETROLEUM,College of Engineering Pune,Pune,2018
144,L&T LIMITED,College of Engineering Pune,Pune,2018
145,EQ TECHNOLOGIES,College of Engineering Pune,Pune,2018
146,FORBES MARSHALL,College of Engineering Pune,Pune,2018
147,SCHNEIDER ELECTRIC,College of Engineering Pune,Pune,2018
148,ESSAR STEEL,College of Engineering Pune,Pune,2018
149,TATA POWER,College of Engineering Pune,Pune,2018
150,ITC LTD,College of Engineering Pune,Pune,2018
151,SYNTEL,College of Engineering Pune,Pune,2018
152,ASHOK LEYLAND,College of Engineering Pune,Pune,2018
153,SUNGUARD,College of Engineering Pune,Pune,2018
154,BPCL,College of Engineering Pune,Pune,2018
155,GODREJ INFOTECH,College of Engineering Pune,Pune,2018
156,TCE CONSULTING,College of Engineering Pune,Pune,2018
157,STERLITE,College of Engineering Pune,Pune,2018
158,SIEMENS LTD,College of Engineering Pune,Pune,2018
159,HONEYWELL,College of Engineering Pune,Pune,2018
160,BAJAJ AUTO LTD,College of Engineering Pune,Pune,2018
161,THERMAX,College of Engineering Pune,Pune,2018
162,EATON,College of Engineering Pune,Pune,2018
163,NATIONAL INSTRUMENTS,College of Engineering Pune,Pune,2018
164,GCI SOLUTIONS LTD,College of Engineering Pune,Pune,2018
165,COMMON VAULT,College of Engineering Pune,Pune,2018
166,TEXAS INSTRUMENTS,College of Engineering Pune,Pune,2018
167,BUKRATT COMPRESSION,College of Engineering Pune,Pune,2018
168,B.E.BILLIMORIA,College of Engineering Pune,Pune,2018
169,RELIANCE ENERGY,College of Engineering Pune,Pune,2018
170,SOCRATES (TOSHIBA),College of Engineering Pune,Pune,2018
171,TATA RYSERSON,College of Engineering Pune,Pune,2018
172,L& T (ECC  DIVISION),College of Engineering Pune,Pune,2018
173,HINDALCO,College of Engineering Pune,Pune,2018
174,TATA BLUE SCOPE,College of Engineering Pune,Pune,2018
175,GODREJ  & BOYCE CO.,College of Engineering Pune,Pune,2018
176,D.E.SHAW & CO,College of Engineering Pune,Pune,2018
177,YAHOO,College of Engineering Pune,Pune,2018
178,SYMANTEC,College of Engineering Pune,Pune,2018
179,BENTLEY SYSTEM,College of Engineering Pune,Pune,2018
180,KIRLOSKAR GROUP,College of Engineering Pune,Pune,2018
181,SCHLUMBERGER,College of Engineering Pune,Pune,2018
182,ACC CEMENT,College of Engineering Pune,Pune,2018
183,TAL MANUFACTURING,College of Engineering Pune,Pune,2018
184,CROMPTON GREAVES,College of Engineering Pune,Pune,2018
185,MICO BOSCH,College of Engineering Pune,Pune,2018
186,MARVELL,College of Engineering Pune,Pune,2018
187,MAHINDRA & MAHINDRA,College of Engineering Pune,Pune,2018
188,TATA TECHNOLOGIES,College of Engineering Pune,Pune,2018
189,ISPAT INDUSTRIES,College of Engineering Pune,Pune,2018
190,VMWARE,College of Engineering Pune,Pune,2018
191,NOKIA NETWORKS,College of Engineering Pune,Pune,2018
192,2 COMS,College of Engineering Pune,Pune,2018
193,HPCL,College of Engineering Pune,Pune,2018
194,IDEA CELLULAR,College of Engineering Pune,Pune,2018
195,INTEL,College of Engineering Pune,Pune,2018
196,FAIRCHILD SEMICONDUCTOR,College of Engineering Pune,Pune,2018
197,MICO BOSCH,College of Engineering Pune,Pune,2018
198,ROCKWELL AUTOMATION,College of Engineering Pune,Pune,2018
199,AFCONS,College of Engineering Pune,Pune,2018
200,EMERSON EXPORTS,College of Engineering Pune,Pune,2018
201,MORGAN STANLEY,College of Engineering Pune,Pune,2018
202,VALEO MINDA,College of Engineering Pune,Pune,2018
203,INTUIT TECHNOLOGIES,College of Engineering Pune,Pune,2018
204,CHEMETEX,College of Engineering Pune,Pune,2018
205,GODREJ & BOYCE,College of Engineering Pune,Pune,2018
206,NEILSOFT,College of Engineering Pune,Pune,2018
207,HEWITT,College of Engineering Pune,Pune,2018
208,BILT,College of Engineering Pune,Pune,2018
209,TWIN ENGINEERS,College of Engineering Pune,Pune,2018
210,MUKUND LTD,College of Engineering Pune,Pune,2018
211,UNITHERM ENGINEERS,College of Engineering Pune,Pune,2018
212,GSK,College of Engineering Pune,Pune,2018
213,ONGC,College of Engineering Pune,Pune,2018
214,STARNET,College of Engineering Pune,Pune,2018
215,BEHR GROUP,College of Engineering Pune,Pune,2018
216,SHREE SATYA MINERALS,College of Engineering Pune,Pune,2018
217,EATON,College of Engineering Pune,Pune,2018
218,Atos Origin,Dhole Patil College Of Engineering Pune,Pune,2018
219,Accord Shine,Dhole Patil College Of Engineering Pune,Pune,2018
220,Accurate Guages,Dhole Patil College Of Engineering Pune,Pune,2018
221,Ags-Technologies,Dhole Patil College Of Engineering Pune,Pune,2018
222,Air India,Dhole Patil College Of Engineering Pune,Pune,2018
223,Airfort Networks,Dhole Patil College Of Engineering Pune,Pune,2018
224,Alaaka Technology,Dhole Patil College Of Engineering Pune,Pune,2018
225,Allscripts,Dhole Patil College Of Engineering Pune,Pune,2018
226,Analyzre Cae Solutions,Dhole Patil College Of Engineering Pune,Pune,2018
227,Android Company,Dhole Patil College Of Engineering Pune,Pune,2018
228,Apco Group Mumbai,Dhole Patil College Of Engineering Pune,Pune,2018
229,Aptara New Media Pvt Ltd.,Dhole Patil College Of Engineering Pune,Pune,2018
230,Asahi India Glass Pvt.Ltd.,Dhole Patil College Of Engineering Pune,Pune,2018
231,Aurangabad Bajaj,Dhole Patil College Of Engineering Pune,Pune,2018
232,Axis Bank,Dhole Patil College Of Engineering Pune,Pune,2018
233,Asahi India Glass Pvt Ltd,Dhole Patil College Of Engineering Pune,Pune,2018
234,Bagla Group,Dhole Patil College Of Engineering Pune,Pune,2018
235,Barclays,Dhole Patil College Of Engineering Pune,Pune,2018
236,Braves Technology,Dhole Patil College Of Engineering Pune,Pune,2018
237,Bde-Prathmesh Ceramics Pvt Ltd,Dhole Patil College Of Engineering Pune,Pune,2018
238,Bny Mellon,Dhole Patil College Of Engineering Pune,Pune,2018
239,Business Canvas,Dhole Patil College Of Engineering Pune,Pune,2018
240,Cognizant,Dhole Patil College Of Engineering Pune,Pune,2018
241,Chakan Mills,Dhole Patil College Of Engineering Pune,Pune,2018
242,Collabera It Services,Dhole Patil College Of Engineering Pune,Pune,2018
243,Convergys,Dhole Patil College Of Engineering Pune,Pune,2018
244,Corporate Infocom Pvt Ltd,Dhole Patil College Of Engineering Pune,Pune,2018
245,Cybage Software,Dhole Patil College Of Engineering Pune,Pune,2018
246,Cibridge Technologies,Dhole Patil College Of Engineering Pune,Pune,2018
247,Crest Premedia Soulutions Pvt Ltd,Dhole Patil College Of Engineering Pune,Pune,2018
248,Dimensional Control,Dhole Patil College Of Engineering Pune,Pune,2018
249,Dynomer,Dhole Patil College Of Engineering Pune,Pune,2018
250,Electronic Switches,Dhole Patil College Of Engineering Pune,Pune,2018
251,E-Successor,Dhole Patil College Of Engineering Pune,Pune,2018
252,Ford Motor Company,Dhole Patil College Of Engineering Pune,Pune,2018
253,Flexronics,Dhole Patil College Of Engineering Pune,Pune,2018
254,Faits Automation Bhosari Midc,Dhole Patil College Of Engineering Pune,Pune,2018
255,Fashionite,Dhole Patil College Of Engineering Pune,Pune,2018
256,Foama Co.,Dhole Patil College Of Engineering Pune,Pune,2018
257,Fulcrum,Dhole Patil College Of Engineering Pune,Pune,2018
258,"Fundtech Pvt.Limited,Pune",Dhole Patil College Of Engineering Pune,Pune,2018
259,Galagar,Dhole Patil College Of Engineering Pune,Pune,2018
260,Genei Auto Mobiles,Dhole Patil College Of Engineering Pune,Pune,2018
261,General Motors,Dhole Patil College Of Engineering Pune,Pune,2018
262,Gates,Dhole Patil College Of Engineering Pune,Pune,2018
263,Globematics,Dhole Patil College Of Engineering Pune,Pune,2018
264,Groupo Antoline,Dhole Patil College Of Engineering Pune,Pune,2018
265,Greek Solutions,Dhole Patil College Of Engineering Pune,Pune,2018
266,Harita Techservices,Dhole Patil College Of Engineering Pune,Pune,2018
267,Hcl,Dhole Patil College Of Engineering Pune,Pune,2018
268,Hp,Dhole Patil College Of Engineering Pune,Pune,2018
269,Hexaware,Dhole Patil College Of Engineering Pune,Pune,2018
270,Horizon Telecom,Dhole Patil College Of Engineering Pune,Pune,2018
271,Hsbc,Dhole Patil College Of Engineering Pune,Pune,2018
272,Husco,Dhole Patil College Of Engineering Pune,Pune,2018
273,Ibm,Dhole Patil College Of Engineering Pune,Pune,2018
274,Idhasoft,Dhole Patil College Of Engineering Pune,Pune,2018
275,Impact Solutions,Dhole Patil College Of Engineering Pune,Pune,2018
276,Import Export Cs,Dhole Patil College Of Engineering Pune,Pune,2018
277,Inautix,Dhole Patil College Of Engineering Pune,Pune,2018
278,Indian Card & Clothing Ltd.,Dhole Patil College Of Engineering Pune,Pune,2018
279,Indorence Ranjangaon,Dhole Patil College Of Engineering Pune,Pune,2018
280,Infosys,Dhole Patil College Of Engineering Pune,Pune,2018
281,Involute Systems,Dhole Patil College Of Engineering Pune,Pune,2018
282,Iplace Usa,Dhole Patil College Of Engineering Pune,Pune,2018
283,Irca India Pvt Ltd.,Dhole Patil College Of Engineering Pune,Pune,2018
284,Itech,Dhole Patil College Of Engineering Pune,Pune,2018
285,Indian Army,Dhole Patil College Of Engineering Pune,Pune,2018
286,Jabil Group,Dhole Patil College Of Engineering Pune,Pune,2018
287,Kalashree,Dhole Patil College Of Engineering Pune,Pune,2018
288,Kantar Tech,Dhole Patil College Of Engineering Pune,Pune,2018
289,Katraj Ghat Mills,Dhole Patil College Of Engineering Pune,Pune,2018
290,Kirloskar Brother,Dhole Patil College Of Engineering Pune,Pune,2018
291,Knowledge Transition Consultancy Pvt Ltd,Dhole Patil College Of Engineering Pune,Pune,2018
292,Kpt,Dhole Patil College Of Engineering Pune,Pune,2018
293,Kran Rader Ltd.,Dhole Patil College Of Engineering Pune,Pune,2018
294,Krawler Information Systems,Dhole Patil College Of Engineering Pune,Pune,2018
295,Key Source Media,Dhole Patil College Of Engineering Pune,Pune,2018
296,Mahindra & Mahindra,Dhole Patil College Of Engineering Pune,Pune,2018
297,Manufacturing & Automation,Dhole Patil College Of Engineering Pune,Pune,2018
298,Markets & Markets,Dhole Patil College Of Engineering Pune,Pune,2018
299,Mehetrea Cs,Dhole Patil College Of Engineering Pune,Pune,2018
300,Merchant Navy,Dhole Patil College Of Engineering Pune,Pune,2018
301,Must Garments Pvt Ltd,Dhole Patil College Of Engineering Pune,Pune,2018
302,Meritrek,Dhole Patil College Of Engineering Pune,Pune,2018
303,Midc Electronics Ltd,Dhole Patil College Of Engineering Pune,Pune,2018
304,Moditech,Dhole Patil College Of Engineering Pune,Pune,2018
305,Mphasis,Dhole Patil College Of Engineering Pune,Pune,2018
306,Mumbai Kirloskar,Dhole Patil College Of Engineering Pune,Pune,2018
307,Neosoft Technology,Dhole Patil College Of Engineering Pune,Pune,2018
308,Ntt Data,Dhole Patil College Of Engineering Pune,Pune,2018
309,Oriental Rubber,Dhole Patil College Of Engineering Pune,Pune,2018
310,Persistent Systems,Dhole Patil College Of Engineering Pune,Pune,2018
311,Polaris,Dhole Patil College Of Engineering Pune,Pune,2018
312,Platemaster Pvt.Ltd.,Dhole Patil College Of Engineering Pune,Pune,2018
313,Poona Force Bhosari Mid Scale Tools,Dhole Patil College Of Engineering Pune,Pune,2018
314,Proactive It Services,Dhole Patil College Of Engineering Pune,Pune,2018
315,Quick Heal Technologies,Dhole Patil College Of Engineering Pune,Pune,2018
316,Raychem Rpg,Dhole Patil College Of Engineering Pune,Pune,2018
317,Reasoning Global Epublications Pvt.Limited,Dhole Patil College Of Engineering Pune,Pune,2018
318,Rabtor Technology,Dhole Patil College Of Engineering Pune,Pune,2018
319,Sandvik Asia,Dhole Patil College Of Engineering Pune,Pune,2018
320,Suzlon,Dhole Patil College Of Engineering Pune,Pune,2018
321,Smiths Detection,Dhole Patil College Of Engineering Pune,Pune,2018
322,Spectraforce Technologies,Dhole Patil College Of Engineering Pune,Pune,2018
323,Sanmar Group,Dhole Patil College Of Engineering Pune,Pune,2018
324,Sar,Dhole Patil College Of Engineering Pune,Pune,2018
325,Searce,Dhole Patil College Of Engineering Pune,Pune,2018
326,Sqr Infotech,Dhole Patil College Of Engineering Pune,Pune,2018
327,Suttati Industries,Dhole Patil College Of Engineering Pune,Pune,2018
328,Tieto Software,Dhole Patil College Of Engineering Pune,Pune,2018
329,Tech Mahindra,Dhole Patil College Of Engineering Pune,Pune,2018
330,Wipro Technologies,Dhole Patil College Of Engineering Pune,Pune,2018
331,Webtech Developers,Dhole Patil College Of Engineering Pune,Pune,2018
332,Whirlpool,Dhole Patil College Of Engineering Pune,Pune,2018
333,Zensar,Dhole Patil College Of Engineering Pune,Pune,2018
334,Zs Associates,Dhole Patil College Of Engineering Pune,Pune,2018
335,Tech Mahindra,"Dr. D. Y. Patil Vidyapeeth, Pune",Pune,2018
336,Johnson Controls Ltd.,"Dr. D. Y. Patil Vidyapeeth, Pune",Pune,2018
337,Tata Communication Ltd,"Dr. D. Y. Patil Vidyapeeth, Pune",Pune,2018
338,Persistent,"Dr. D. Y. Patil Vidyapeeth, Pune",Pune,2018
339,Oracle,"Dr. D. Y. Patil Vidyapeeth, Pune",Pune,2018
340,Saint Gobian Ltd.,"Dr. D. Y. Patil Vidyapeeth, Pune",Pune,2018
341,Nvidia,"Dr. D. Y. Patil Vidyapeeth, Pune",Pune,2018
342,Newgen Software,"Dr. D. Y. Patil Vidyapeeth, Pune",Pune,2018
343,Godrej Infotech Pvt.Ltd,"Dr. D. Y. Patil Vidyapeeth, Pune",Pune,2018
344,iGate-PCS,"Dr. D. Y. Patil Vidyapeeth, Pune",Pune,2018
345,Tetra Pak,"Dr. D. Y. Patil Vidyapeeth, Pune",Pune,2018
346,Beher India,"Dr. D. Y. Patil Vidyapeeth, Pune",Pune,2018
347,L&T infotech,"Dr. D. Y. Patil Vidyapeeth, Pune",Pune,2018
348,Synechron,"Dr. D. Y. Patil Vidyapeeth, Pune",Pune,2018
349,Electomech,"Dr. D. Y. Patil Vidyapeeth, Pune",Pune,2018
350,L&T Engineering Services,"Dr. D. Y. Patil Vidyapeeth, Pune",Pune,2018
351,Thirdware Solutions,"Dr. D. Y. Patil Vidyapeeth, Pune",Pune,2018
352,Bosch Ltd.,"Dr. D. Y. Patil Vidyapeeth, Pune",Pune,2018
353,Cadbury,"Dr. D. Y. Patil Vidyapeeth, Pune",Pune,2018
354,Indian Army,"Dr. D. Y. Patil Vidyapeeth, Pune",Pune,2018
355,Honeywell Automation Ltd.,"Dr. D. Y. Patil Vidyapeeth, Pune",Pune,2018
356,HSBC,"Dr. D. Y. Patil Vidyapeeth, Pune",Pune,2018
357,Subex,"Dr. D. Y. Patil Vidyapeeth, Pune",Pune,2018
358,Denso Harayana Pvt. Ltd.,"Dr. D. Y. Patil Vidyapeeth, Pune",Pune,2018
359,Mphasis Ltd.,"Dr. D. Y. Patil Vidyapeeth, Pune",Pune,2018
360,Opus Software,"Dr. D. Y. Patil Vidyapeeth, Pune",Pune,2018
361,Voltas Ltd.,"Dr. D. Y. Patil Vidyapeeth, Pune",Pune,2018
362,SIEMENS,"Dr. D. Y. Patil Vidyapeeth, Pune",Pune,2018
363,KPIT Infosystem,"Dr. D. Y. Patil Vidyapeeth, Pune",Pune,2018
364,Yebhi.com,"Dr. D. Y. Patil Vidyapeeth, Pune",Pune,2018
365,Harbinger,"Dr. D. Y. Patil Vidyapeeth, Pune",Pune,2018
366,Cybage,"Dr. D. Y. Patil Vidyapeeth, Pune",Pune,2018
367,Indiabulls Realtech ltd.,"Dr. D. Y. Patil Vidyapeeth, Pune",Pune,2018
368,Syntel,"Dr. D. Y. Patil Vidyapeeth, Pune",Pune,2018
369,ADP,"Dr. D. Y. Patil Vidyapeeth, Pune",Pune,2018
370,AM Trident,"Dr. D. Y. Patil Vidyapeeth, Pune",Pune,2018
371,Tavisca Solutions,"Dr. D. Y. Patil Vidyapeeth, Pune",Pune,2018
372,Captronic Systems Pvt. Ltd,"Dr. D. Y. Patil Vidyapeeth, Pune",Pune,2018
373,Zycus,"Dr. D. Y. Patil Vidyapeeth, Pune",Pune,2018
374,ICICI Securities,"Dr. D. Y. Patil Vidyapeeth, Pune",Pune,2018
375,Maq Software,"Dr. D. Y. Patil Vidyapeeth, Pune",Pune,2018
376,Quinnoxe Ltd.,"Dr. D. Y. Patil Vidyapeeth, Pune",Pune,2018
377,Prudential Process Mangement,"Dr. D. Y. Patil Vidyapeeth, Pune",Pune,2018
378,Sunguard,"Dr. D. Y. Patil Vidyapeeth, Pune",Pune,2018
379,Varroc,"Dr. D. Y. Patil Vidyapeeth, Pune",Pune,2018
380,Sanmar Group,"Dr. D. Y. Patil Vidyapeeth, Pune",Pune,2018
381,Forbes Marsahal,"Dr. D. Y. Patil Vidyapeeth, Pune",Pune,2018
382,B & RAutomation,"Dr. D. Y. Patil Vidyapeeth, Pune",Pune,2018
383,PARI Robotics Ltd,"Dr. D. Y. Patil Vidyapeeth, Pune",Pune,2018
384,Fiserv Solutions,"Dr. D. Y. Patil Vidyapeeth, Pune",Pune,2018
385,ZF India Pvt. Ltd.,"Dr. D. Y. Patil Vidyapeeth, Pune",Pune,2018
386,Laxmi Machine Works Ltd.,"Dr. D. Y. Patil Vidyapeeth, Pune",Pune,2018
387,Quick Heal,"Dr. D. Y. Patil Vidyapeeth, Pune",Pune,2018
388,Wika Instruments,"Dr. D. Y. Patil Vidyapeeth, Pune",Pune,2018
389,Yodelle Software,"Dr. D. Y. Patil Vidyapeeth, Pune",Pune,2018
390,Enpro,"Dr. D. Y. Patil Vidyapeeth, Pune",Pune,2018
391,iNautix,"Dr. D. Y. Patil Vidyapeeth, Pune",Pune,2018
392,Visteon,"Dr. D. Y. Patil Vidyapeeth, Pune",Pune,2018
393,Forbes Marshall,"Dr. D. Y. Patil Vidyapeeth, Pune",Pune,2018
394,Tvs Logistics,"Dr. D. Y. Patil Vidyapeeth, Pune",Pune,2018
395,Bridgestone Ltd.,"Dr. D. Y. Patil Vidyapeeth, Pune",Pune,2018
396,Mithi Software,"Dr. D. Y. Patil Vidyapeeth, Pune",Pune,2018
397,Plantech Cunsultants(2014),Government college of engineering and research,Pune,2014
398,Zconsolutions(2014),Government college of engineering and research,Pune,2014
399,E-infochip(2014),Government college of engineering and research,Pune,2014
400,Spectrum Services(2014),Government college of engineering and research,Pune,2014
401,Voskwagon(2014),Government college of engineering and research,Pune,2014
402,TCS(2014),Government college of engineering and research,Pune,2014
403,Alpha Health Venture,Indira College of Engineering and Management,Pune,2018
404,Dimetrix Technology,Indira College of Engineering and Management,Pune,2018
405,Amdocs,Indira College of Engineering and Management,Pune,2018
406,Open Silicon,Indira College of Engineering and Management,Pune,2018
407,Anglo Eastern,Indira College of Engineering and Management,Pune,2018
408,Asahi Glass,Indira College of Engineering and Management,Pune,2018
409,ATG,Indira College of Engineering and Management,Pune,2018
410,Excelize,Indira College of Engineering and Management,Pune,2018
411,ATOS,Indira College of Engineering and Management,Pune,2018
412,Pernod Ricard,Indira College of Engineering and Management,Pune,2018
413,Barclays,Indira College of Engineering and Management,Pune,2018
414,Finolex Pipes,Indira College of Engineering and Management,Pune,2018
415,Capgemini,Indira College of Engineering and Management,Pune,2018
416,3DPLM (Dassault Systèmes),Indira College of Engineering and Management,Pune,2018
417,CLSA,Indira College of Engineering and Management,Pune,2018
418,Emcure India,Indira College of Engineering and Management,Pune,2018
419,Cognizant,Indira College of Engineering and Management,Pune,2018
420,Force Motors,Indira College of Engineering and Management,Pune,2018
421,Cybage,Indira College of Engineering and Management,Pune,2018
422,Premium Transmission,Indira College of Engineering and Management,Pune,2018
423,Ennovate IT,Indira College of Engineering and Management,Pune,2018
424,Hettich,Indira College of Engineering and Management,Pune,2018
425,Eternus,Indira College of Engineering and Management,Pune,2018
426,Gabriel India Ltd,Indira College of Engineering and Management,Pune,2018
427,Everest Industries Ltd.,Indira College of Engineering and Management,Pune,2018
428,GS Labs,Indira College of Engineering and Management,Pune,2018
429,Fasttrack Software,Indira College of Engineering and Management,Pune,2018
430,Xoriant,Indira College of Engineering and Management,Pune,2018
431,Forbes Marshall,Indira College of Engineering and Management,Pune,2018
432,QED Baton,Indira College of Engineering and Management,Pune,2018
433,Globus soft,Indira College of Engineering and Management,Pune,2018
434,Pubmatic,Indira College of Engineering and Management,Pune,2018
435,Harbinger Group,Indira College of Engineering and Management,Pune,2018
436,NeilSoft Limited,Indira College of Engineering and Management,Pune,2018
437,Hitachi,Indira College of Engineering and Management,Pune,2018
438,Obara Corporation,Indira College of Engineering and Management,Pune,2018
439,HP,Indira College of Engineering and Management,Pune,2018
440,Infosys,Indira College of Engineering and Management,Pune,2018
441,Hurix,Indira College of Engineering and Management,Pune,2018
442,Tibco Software,Indira College of Engineering and Management,Pune,2018
443,IBM,Indira College of Engineering and Management,Pune,2018
444,Sanmar Group,Indira College of Engineering and Management,Pune,2018
445,Impact services,Indira College of Engineering and Management,Pune,2018
446,Amura Marketing Technologies,Indira College of Engineering and Management,Pune,2018
447,Infinite Computing,Indira College of Engineering and Management,Pune,2018
448,Finolex Industries,Indira College of Engineering and Management,Pune,2018
449,InnoEye Technologies,Indira College of Engineering and Management,Pune,2018
450,Forgeahead Solutions Pvt. Ltd,Indira College of Engineering and Management,Pune,2018
451,Jaya Hind Industries,Indira College of Engineering and Management,Pune,2018
452,Larsen & Toubro Infotech,Indira College of Engineering and Management,Pune,2018
453,Kinetic Spam Pumps,Indira College of Engineering and Management,Pune,2018
454,JK Tyre,Indira College of Engineering and Management,Pune,2018
455,KPIT,Indira College of Engineering and Management,Pune,2018
456,Bridgestone India Pvt. Ltd.,Indira College of Engineering and Management,Pune,2018
457,KPMG,Indira College of Engineering and Management,Pune,2018
458,Bitwise Solutions Pvt Ltd,Indira College of Engineering and Management,Pune,2018
459,Meditab,Indira College of Engineering and Management,Pune,2018
460,Benchmark IT solutions,Indira College of Engineering and Management,Pune,2018
461,Mphasis,Indira College of Engineering and Management,Pune,2018
462,Vascon Engineers Pvt. Ltd,Indira College of Engineering and Management,Pune,2018
463,NTT Data,Indira College of Engineering and Management,Pune,2018
464,Gradmener Technology Pvt. Ltd.,Indira College of Engineering and Management,Pune,2018
465,Odessa Technologies,Indira College of Engineering and Management,Pune,2018
466,Expat Properties India Ltd,Indira College of Engineering and Management,Pune,2018
467,Persistent,Indira College of Engineering and Management,Pune,2018
468,Greeksoft Technologies Pvt Ltd,Indira College of Engineering and Management,Pune,2018
469,Polycab,Indira College of Engineering and Management,Pune,2018
470,ZF India,Indira College of Engineering and Management,Pune,2018
471,QuikHeal,Indira College of Engineering and Management,Pune,2018
472,e-Zest,Indira College of Engineering and Management,Pune,2018
473,"Quinnox, Inc.",Indira College of Engineering and Management,Pune,2018
474,Schlumberger,Indira College of Engineering and Management,Pune,2018
475,RSystems,Indira College of Engineering and Management,Pune,2018
476,Talent Beat,Indira College of Engineering and Management,Pune,2018
477,Samsung,Indira College of Engineering and Management,Pune,2018
478,Tata Technologies,Indira College of Engineering and Management,Pune,2018
479,Sandvik,Indira College of Engineering and Management,Pune,2018
480,TCS,Indira College of Engineering and Management,Pune,2018
481,Savy Soft,Indira College of Engineering and Management,Pune,2018
482,Tech Mahindra,Indira College of Engineering and Management,Pune,2018
483,Sigma Electric,Indira College of Engineering and Management,Pune,2018
484,Trivini turbines,Indira College of Engineering and Management,Pune,2018
485,Steria,Indira College of Engineering and Management,Pune,2018
486,VANDERLANDE,Indira College of Engineering and Management,Pune,2018
487,Suzlon,Indira College of Engineering and Management,Pune,2018
488,Vodafone,Indira College of Engineering and Management,Pune,2018
489,Syntel,Indira College of Engineering and Management,Pune,2018
490,Webtech Developers Pvt. Ltd,Indira College of Engineering and Management,Pune,2018
491,Syntrosys,Indira College of Engineering and Management,Pune,2018
492,Wipro,Indira College of Engineering and Management,Pune,2018
493,Z S Solutions,Indira College of Engineering and Management,Pune,2018
494,Wishtree. Technology,Indira College of Engineering and Management,Pune,2018
495,Zuti Engineering,Indira College of Engineering and Management,Pune,2018
496,WM,Indira College of Engineering and Management,Pune,2018
497,Zycus Infotech,Indira College of Engineering and Management,Pune,2018
498,Yardi Software,Indira College of Engineering and Management,Pune,2018
499,Jaro Education,Indira College of Engineering and Management,Pune,2018
500,Webonise Lab,Indira College of Engineering and Management,Pune,2018
501,Just Pay,Indira College of Engineering and Management,Pune,2018
502,Soodh Tower & Constructions,Indira College of Engineering and Management,Pune,2018
503,Go Speedy Go,Indira College of Engineering and Management,Pune,2018
504,Thermax,Indira College of Engineering and Management,Pune,2018
505,SKF India Ltd.,Indira College of Engineering and Management,Pune,2018
506,Fiserv,Indira College of Engineering and Management,Pune,2018
507,ATG,Indira College of Engineering and Management,Pune,2018
508,Everest Industries Ltd.,Indira College of Engineering and Management,Pune,2018
509,Forbes Marshall,Indira College of Engineering and Management,Pune,2018
510,Harbinger Group,Indira College of Engineering and Management,Pune,2018
511,Jaya Hind Industries,Indira College of Engineering and Management,Pune,2018
512,Kinetic Spam Pumps,Indira College of Engineering and Management,Pune,2018
513,Polycab,Indira College of Engineering and Management,Pune,2018
514,Samsung,Indira College of Engineering and Management,Pune,2018
515,Sandvik,Indira College of Engineering and Management,Pune,2018
516,Sigma Electric,Indira College of Engineering and Management,Pune,2018
517,SKF India Ltd.,Indira College of Engineering and Management,Pune,2018
518,3DPLM (Dassault Systèmes),Indira College of Engineering and Management,Pune,2018
519,Force Motors,Indira College of Engineering and Management,Pune,2018
520,Tibco Software,Indira College of Engineering and Management,Pune,2018
521,Sanmar Group,Indira College of Engineering and Management,Pune,2018
522,Vascon Engineers Pvt. Ltd,Indira College of Engineering and Management,Pune,2018
523,ZF India,Indira College of Engineering and Management,Pune,2018
524,Bridgestone India Pvt. Ltd.,Indira College of Engineering and Management,Pune,2018
525,JK Tyre,Indira College of Engineering and Management,Pune,2018
526,Finolex Industries,Indira College of Engineering and Management,Pune,2018
527,NeilSoft Limited,Indira College of Engineering and Management,Pune,2018
528,Obara Corporation,Indira College of Engineering and Management,Pune,2018
529,Gabriel India Ltd,Indira College of Engineering and Management,Pune,2018
530,Hettich,Indira College of Engineering and Management,Pune,2018
531,Premium Transmission,Indira College of Engineering and Management,Pune,2018
532,Force Motors,Indira College of Engineering and Management,Pune,2018
533,Emcure India,Indira College of Engineering and Management,Pune,2018
534,Finolex Pipes,Indira College of Engineering and Management,Pune,2018
535,Pernod Ricard,Indira College of Engineering and Management,Pune,2018
536,Excelize,Indira College of Engineering and Management,Pune,2018
537,Vascon Engineers Pvt. Ltd,Indira College of Engineering and Management,Pune,2018
538,ZF India,Indira College of Engineering and Management,Pune,2018
539,Trivini turbines,Indira College of Engineering and Management,Pune,2018
540,VANDERLANDE,Indira College of Engineering and Management,Pune,2018
541,Suzlon,Indira College of Engineering and Management,Pune,2018
542,Go Speedy Go,Indira College of Engineering and Management,Pune,2018
543,Soodh Tower & Constructions,Indira College of Engineering and Management,Pune,2018
544,Thermax,Indira College of Engineering and Management,Pune,2018
545,"Syntel ,Talwade,Pune",Jai hind college of Engineering,Pune,2018
546,Q Spider Campus Connect,Jai hind college of Engineering,Pune,2018
547,Vega Innovations & Technoconsultants Pvt. Ltd,Jai hind college of Engineering,Pune,2018
548,Next Path Technologies,Jai hind college of Engineering,Pune,2018
549,TATA CONSULTANCY SERVICES,MIT college of engineering,Pune,2018
550,IBM GLOBAL SERVICES,MIT college of engineering,Pune,2018
551,INFOSYS TECHNOLOGIES LTD.,MIT college of engineering,Pune,2018
552,COGNIZANT TECH SOLUTIONS,MIT college of engineering,Pune,2018
553,ACCENTURE SERVICES PVT. LTD.,MIT college of engineering,Pune,2018
554,WIPRO TECHNOLOGIES LTD,MIT college of engineering,Pune,2018
555,TECH MAHINDRA,MIT college of engineering,Pune,2018
556,HONEYWELL AUTOMATION,MIT college of engineering,Pune,2018
557,KPIT CUMMINS,MIT college of engineering,Pune,2018
558,ATOS ORIGIN,MIT college of engineering,Pune,2018
559,SYNTEL,MIT college of engineering,Pune,2018
560,CAP GEMINI,MIT college of engineering,Pune,2018
561,NEWGEN SOFTWARE TECH LTD,MIT college of engineering,Pune,2018
562,CYBAGE SOFTWARE PVT. LTD.,MIT college of engineering,Pune,2018
563,"BMC SOFTWARE PVT, LTD.",MIT college of engineering,Pune,2018
564,KRAWLER NETWORKS TLD.,MIT college of engineering,Pune,2018
565,EATON TECHNOLOGIES LTD,MIT college of engineering,Pune,2018
566,GODREJ INFOTECH LTD.,MIT college of engineering,Pune,2018
567,QUALEX SYSTEMS LTD,MIT college of engineering,Pune,2018
568,S1 SERVICES LTD.,MIT college of engineering,Pune,2018
569,2 WIRE,MIT college of engineering,Pune,2018
570,3D PLM SOFTWARE SOLUTIONS LTD.,MIT college of engineering,Pune,2018
571,ACCENTURE SERVICES PVT. LTD.,MIT college of engineering,Pune,2018
572,ADANI ENTERPRISES LTD.,MIT college of engineering,Pune,2018
573,ADOBE SYSTEMS INDIA PVT. LTD.,MIT college of engineering,Pune,2018
574,ADOR WELDING LTD.,MIT college of engineering,Pune,2018
575,ADP LTD,MIT college of engineering,Pune,2018
576,ADVENT SOFTWARELTD.,MIT college of engineering,Pune,2018
577,AFTEK INFOSYS LTD.,MIT college of engineering,Pune,2018
578,AKER POWERGAS PVT. LTD.,MIT college of engineering,Pune,2018
579,AL NABOODAH CONSTRUCTION GROUP LLC,MIT college of engineering,Pune,2018
580,ALCATEL-LUCENT INDIA LTD.,MIT college of engineering,Pune,2018
581,ALTAIR INDUSTRIAL TECHNOLOGIES,MIT college of engineering,Pune,2018
582,AMARARAJA,MIT college of engineering,Pune,2018
583,AMBUJA CEMENT,MIT college of engineering,Pune,2018
584,AMDOCS DEVELOPMENT CENTRE,MIT college of engineering,Pune,2018
585,ANGLO EASTERN SHIP MGMT LTD.,MIT college of engineering,Pune,2018
586,ANSYS FLUENT INDIA LTD.,MIT college of engineering,Pune,2018
587,APOLLO TECHNOLOGIES,MIT college of engineering,Pune,2018
588,ASIAN PAINTS,MIT college of engineering,Pune,2018
589,ATLAS COPCO I LTD.,MIT college of engineering,Pune,2018
590,ATOS ORIGIN INDIA PVT LTD.,MIT college of engineering,Pune,2018
591,AUTOLINE INDUSTRIES LTD.,MIT college of engineering,Pune,2018
592,AVAYA,MIT college of engineering,Pune,2018
593,B&R INDUSTRIAL AUTOMATION PVT. LTD.,MIT college of engineering,Pune,2018
594,B.L.KASHYAP & COMPANY,MIT college of engineering,Pune,2018
595,BAJAJ AUTO LTD.,MIT college of engineering,Pune,2018
596,BAKER HUGES,MIT college of engineering,Pune,2018
597,BAKER OIL TOOLS,MIT college of engineering,Pune,2018
598,BAKER OIL TREATING (I) LTD.,MIT college of engineering,Pune,2018
599,BARCLAYS TECHNOLOGY CENTRE INDIA PVT. LTD.,MIT college of engineering,Pune,2018
600,BASF,MIT college of engineering,Pune,2018
601,BAXTER I PVT LTD.,MIT college of engineering,Pune,2018
602,BCS INNOVATIONS,MIT college of engineering,Pune,2018
603,BEHR GROUP,MIT college of engineering,Pune,2018
604,BENCHMARK GROUP,MIT college of engineering,Pune,2018
605,BG EXPOLRATION AND GAS,MIT college of engineering,Pune,2018
606,BHARAT FORGE LTD.,MIT college of engineering,Pune,2018
607,BITWISE SOLUTIONS PVT. LTD.,MIT college of engineering,Pune,2018
608,BLUE STAR LTD.,MIT college of engineering,Pune,2018
609,BMC SOFTWARE,MIT college of engineering,Pune,2018
610,BOSCH CHASIS,MIT college of engineering,Pune,2018
611,BUSINESS DEVELOPMENT BUREAU,MIT college of engineering,Pune,2018
612,CADBURY INDIA,MIT college of engineering,Pune,2018
613,CAEPRO,MIT college of engineering,Pune,2018
614,CAIRN ENERGY,MIT college of engineering,Pune,2018
615,CALSOFT PVT. LTD.,MIT college of engineering,Pune,2018
616,CAP GEMINI,MIT college of engineering,Pune,2018
617,CARRARO INDIA,MIT college of engineering,Pune,2018
618,CERATIZIT INDIA PVT. LTD.,MIT college of engineering,Pune,2018
619,CERNER HEALTH CARE SOLUTIONS PVT LTD.,MIT college of engineering,Pune,2018
620,CISCO SYSTEMS (I) PVT. LTD.,MIT college of engineering,Pune,2018
621,COGNIZANT TECHNOLOGY SOLUTIONS LTD.,MIT college of engineering,Pune,2018
622,COMAU INDIA PVT. LTD.,MIT college of engineering,Pune,2018
623,COVELIX LTD.,MIT college of engineering,Pune,2018
624,CUMMINS LTD.,MIT college of engineering,Pune,2018
625,CYBAGE SOFTWARE PVT. LTD.,MIT college of engineering,Pune,2018
626,CYBERMEDIA SOFTWARE,MIT college of engineering,Pune,2018
627,DEEPAK FERTILIZERS,MIT college of engineering,Pune,2018
628,DELL INTERNATIONAL LTD.,MIT college of engineering,Pune,2018
629,DELPHI,MIT college of engineering,Pune,2018
630,DEMAG CRANES & COMPONENTS (I) PVT LTD.,MIT college of engineering,Pune,2018
631,DEPA INDIA PVT. LTD.,MIT college of engineering,Pune,2018
632,DIAMLER CRYSLER (I) PVT. LTD.,MIT college of engineering,Pune,2018
633,DISHA TECHNOLOGIES LTD.,MIT college of engineering,Pune,2018
634,DUN & BRADSTREET INFORMATION SERVICES INDIA PVT LTD.,MIT college of engineering,Pune,2018
635,DYNATECH FURNACES,MIT college of engineering,Pune,2018
636,EATON TECHNOLOGIES LTD.,MIT college of engineering,Pune,2018
637,EDS ELECTRONIC DATA SYSTEMS (I) PVT.,MIT college of engineering,Pune,2018
638,EMERSON DESIGN ENGINEERING CENTRE,MIT college of engineering,Pune,2018
639,EMPOWER SERVICES,MIT college of engineering,Pune,2018
640,ENSIM INDIA PVT. LTD.,MIT college of engineering,Pune,2018
641,ESSAR ENERGY,MIT college of engineering,Pune,2018
642,ESSAR STEELS LTD.,MIT college of engineering,Pune,2018
643,ETHIX SOFTWARE SOLUTIONS PVT. LTD.,MIT college of engineering,Pune,2018
644,FDS INFOTECH (P) LTD.,MIT college of engineering,Pune,2018
645,FEDILITY BUSINESS SERVICES (I) PVT LTD.,MIT college of engineering,Pune,2018
646,FINOLEX INDUSTRIES LTD,MIT college of engineering,Pune,2018
647,FIRST FUTURES SOFTWARE ENGINEERING LTD.,MIT college of engineering,Pune,2018
648,FISERVE,MIT college of engineering,Pune,2018
649,FLEETGUARD FILTERS PVT. LTD.,MIT college of engineering,Pune,2018
650,FORBES MARSHALL,MIT college of engineering,Pune,2018
651,FREESCALE,MIT college of engineering,Pune,2018
652,FREESCALE SEMICONDUTORS INDIA PVT. LTD.,MIT college of engineering,Pune,2018
653,G S LAB,MIT college of engineering,Pune,2018
654,GAMELOFT SOFTWARE PVT. LTD.,MIT college of engineering,Pune,2018
655,GATI PVT. LTD,MIT college of engineering,Pune,2018
656,GE ENERGY PVT. LTD.,MIT college of engineering,Pune,2018
657,GEA PROCESS ENGINEERING (I) LTD.,MIT college of engineering,Pune,2018
658,GENRAL MOTORS INDIA PVT. LTD.,MIT college of engineering,Pune,2018
659,GEOMETRIC SOFTWARE SOLUTIONS,MIT college of engineering,Pune,2018
660,GIESECKE & DEVRIENT INDIA PVT. LTD.,MIT college of engineering,Pune,2018
661,GODREJ & BOYCE,MIT college of engineering,Pune,2018
662,GODREJ INFOTECH LTD.,MIT college of engineering,Pune,2018
663,GOOGLE,MIT college of engineering,Pune,2018
664,HARBINGER SYSTEMS LTD,MIT college of engineering,Pune,2018
665,HEMANT TOOLS PVT. LTD.,MIT college of engineering,Pune,2018
666,HENSEL INDIA PVT. LTD.,MIT college of engineering,Pune,2018
667,HEXAWARE TECHNOLOGIES LTD,MIT college of engineering,Pune,2018
668,HINDUSTAN UNILEVER LTD.,MIT college of engineering,Pune,2018
669,HITACHI HOME & LIFE SOLUTIONS INDIA LTD.,MIT college of engineering,Pune,2018
670,HONDA R & D (INDIA) PVT. LTD.,MIT college of engineering,Pune,2018
671,HONEYWELL AUTOMATION ( I ) LTD.,MIT college of engineering,Pune,2018
672,HP LTD.,MIT college of engineering,Pune,2018
673,HSBC,MIT college of engineering,Pune,2018
674,HSBC LTD.,MIT college of engineering,Pune,2018
675,HUCO ELECTRONIC PVT. LTD.,MIT college of engineering,Pune,2018
676,IBM GLOBAL SERVICES (I) PVT. LTD .,MIT college of engineering,Pune,2018
677,IDEA CELLULAR LTD,MIT college of engineering,Pune,2018
678,IFLEX SOLUTIONS,MIT college of engineering,Pune,2018
679,INAUTIX LTD.,MIT college of engineering,Pune,2018
680,INDIAN ARMY,MIT college of engineering,Pune,2018
681,INDIASOFT TECHNOLOGIES LTD.,MIT college of engineering,Pune,2018
682,INDIGO ARCHITECTS LTD.,MIT college of engineering,Pune,2018
683,INDUS SOFTWARE,MIT college of engineering,Pune,2018
684,INFOBEANS SYSTEMS (I) PVT. LTD.,MIT college of engineering,Pune,2018
685,INFOSYS TECHNOLOGIES LTD.,MIT college of engineering,Pune,2018
686,ISMT LTD.,MIT college of engineering,Pune,2018
687,ITC FOODS LTD,MIT college of engineering,Pune,2018
688,ITD CEMENTATION INDIA LTD.,MIT college of engineering,Pune,2018
689,JATAAYU SOFTWARE,MIT college of engineering,Pune,2018
690,JDA SOFTWARE,MIT college of engineering,Pune,2018
691,JOHN DEERE LTD.,MIT college of engineering,Pune,2018
692,JOHNSON CONTROLS,MIT college of engineering,Pune,2018
693,JOSTS ENGINEERING COMPANY LTD.,MIT college of engineering,Pune,2018
694,KALE CONSULTANTS LTD.,MIT college of engineering,Pune,2018
695,KALYANI CARPENTER SPECIAL STEELS LTD.,MIT college of engineering,Pune,2018
696,KIMBERLY-CLARK INDIA,MIT college of engineering,Pune,2018
697,KIRLOSKAR GROUP OF COMPANIES,MIT college of engineering,Pune,2018
698,KPIT CUMMINS INFOSYSTEMS LTD.,MIT college of engineering,Pune,2018
699,KRAWLER NETWORKS,MIT college of engineering,Pune,2018
700,KTMS ENGINEERING LTD.,MIT college of engineering,Pune,2018
701,KURARAY CO. LTD.,MIT college of engineering,Pune,2018
702,L & T INFOTECH LTD.,MIT college of engineering,Pune,2018
703,L&T ECC LTD.,MIT college of engineering,Pune,2018
704,LARSEN & TOURBRO LTD.,MIT college of engineering,Pune,2018
705,LG ELECTRONICS,MIT college of engineering,Pune,2018
706,LIGHT BULB TECHNOLOGY LTD.,MIT college of engineering,Pune,2018
707,M&M LTD. (AUTO),MIT college of engineering,Pune,2018
708,M&M (FES),MIT college of engineering,Pune,2018
709,MAGUS INFOTECH INDIA (PVT.) LTD.,MIT college of engineering,Pune,2018
710,MAHINDRA BRISTLECONE LTD.,MIT college of engineering,Pune,2018
711,MAHINDRA COMPOSITES LTD.,MIT college of engineering,Pune,2018
712,MARVELL INFOTECH,MIT college of engineering,Pune,2018
713,MASTEK LTD.,MIT college of engineering,Pune,2018
714,MELTEK INFOSYSTEMS PVT LTD.,MIT college of engineering,Pune,2018
715,MICO LTD.,MIT college of engineering,Pune,2018
716,MICROSOFT INDIA (R&D) PVT. LTD.,MIT college of engineering,Pune,2018
717,MINDTREE,MIT college of engineering,Pune,2018
718,MODELCAM TECHNOLOGIES,MIT college of engineering,Pune,2018
719,MONDRAGON ASIA INDIA,MIT college of engineering,Pune,2018
720,MORGAN STANLEY FINANCIAL SERVICES LTD.,MIT college of engineering,Pune,2018
721,MPHASIS (AN EDS COMPANY),MIT college of engineering,Pune,2018
722,Mu SIGMA BUSINESS SOLUTIONS,MIT college of engineering,Pune,2018
723,MURUGAPPA GROUP,MIT college of engineering,Pune,2018
724,NEILSOFT LTD.,MIT college of engineering,Pune,2018
725,NESS TECHNOLOGIES LTD.,MIT college of engineering,Pune,2018
726,NEWGEN SOFTWARE TECH LTD.,MIT college of engineering,Pune,2018
727,NEXTI TECHNOLOGIES,MIT college of engineering,Pune,2018
728,NIHILENT,MIT college of engineering,Pune,2018
729,NIKHIL COMFORTS,MIT college of engineering,Pune,2018
730,NIKO RESOURCES LTD.,MIT college of engineering,Pune,2018
731,NSE. IT LTD.,MIT college of engineering,Pune,2018
732,NVIDIA,MIT college of engineering,Pune,2018
733,ONIDA ELECTRICALS LTD.,MIT college of engineering,Pune,2018
734,OPTRA SYSTEMS,MIT college of engineering,Pune,2018
735,OPUS SOFTWARE LTD.,MIT college of engineering,Pune,2018
736,ORACLE (IFLEX SOLUTIONS),MIT college of engineering,Pune,2018
737,PANGEA3 LEGAL DATABASE SYS. LTD.,MIT college of engineering,Pune,2018
738,PATNI COMPUTER SYSTEMS LTD.,MIT college of engineering,Pune,2018
739,PENINSULA LAND LTD.,MIT college of engineering,Pune,2018
740,PEROT SYSTEMS,MIT college of engineering,Pune,2018
741,PERSISTENT SYSTEMS PVT. LTD.,MIT college of engineering,Pune,2018
742,PETRONET LNG LTD.,MIT college of engineering,Pune,2018
743,PIAGGIO,MIT college of engineering,Pune,2018
744,POLARIS,MIT college of engineering,Pune,2018
745,POWERICA LTD.,MIT college of engineering,Pune,2018
746,PRAJ INDUSTRIES LTD.,MIT college of engineering,Pune,2018
747,PROTIVITY CONSULTING PVT. LTD,MIT college of engineering,Pune,2018
748,PUNJ LLOYD,MIT college of engineering,Pune,2018
749,QUALEX SYSTEMS PVT. LTD.,MIT college of engineering,Pune,2018
750,QUINNOX,MIT college of engineering,Pune,2018
751,REFLEXIS SYSTEMS INDIA PVT. LTD.,MIT college of engineering,Pune,2018
752,RELIANCE COMMUNICATIONS LTD.,MIT college of engineering,Pune,2018
753,RELIANCE INDUSTRIES LTD.,MIT college of engineering,Pune,2018
754,RENATA PRECISION COMPONENTS LTD.,MIT college of engineering,Pune,2018
755,ROBERT BOSH CHASIS,MIT college of engineering,Pune,2018
756,ROCKWELL AUTOMATION INDIA PVT. LTD.,MIT college of engineering,Pune,2018
757,S1 SERVICES LTD.,MIT college of engineering,Pune,2018
758,SAAMA TECHNOLOGIES LTD.,MIT college of engineering,Pune,2018
759,"SAMVIDNYAN INFOTECH PVT, LTD.",MIT college of engineering,Pune,2018
760,SANDVIK ASIA LTD.,MIT college of engineering,Pune,2018
761,SANMAR ENGINEERING CORPORATION LTD.,MIT college of engineering,Pune,2018
762,SAPIENT,MIT college of engineering,Pune,2018
763,SASKEN COMMUNICATION TECH LTD,MIT college of engineering,Pune,2018
764,SATYAM COMPUTER SERVICES LTD.,MIT college of engineering,Pune,2018
765,SCHNEIDER ELECTRIC,MIT college of engineering,Pune,2018
766,SESA GOA LTD. (VEDANTA GROUP),MIT college of engineering,Pune,2018
767,SIDEL INDIA PVT. LTD.,MIT college of engineering,Pune,2018
768,SIEMENS,MIT college of engineering,Pune,2018
769,SIGMA SOFTWARE SOLUTIONS PVT LTD.,MIT college of engineering,Pune,2018
770,SILICON MEADOWS,MIT college of engineering,Pune,2018
771,SINGHANIA GROUP,MIT college of engineering,Pune,2018
772,SKF INDIA LTD.,MIT college of engineering,Pune,2018
773,SOFTECH ENGINEERS,MIT college of engineering,Pune,2018
774,SOFTPOINT COMPUTERS LTD.,MIT college of engineering,Pune,2018
775,SOMA ENTERPRISE LTD.,MIT college of engineering,Pune,2018
776,SOMOTEX IMPOT EXPORT PVT LTD.,MIT college of engineering,Pune,2018
777,SONICWALL SERVICES PVT. LTD.,MIT college of engineering,Pune,2018
778,SONY INDIA SOTWARE CENTRE,MIT college of engineering,Pune,2018
779,SPOT ON SOFTWARE PVT. LTD.,MIT college of engineering,Pune,2018
780,STARENT NETWORKS (I) PVT. LTD.,MIT college of engineering,Pune,2018
781,SUDARSHAN CHEMICALS,MIT college of engineering,Pune,2018
782,SUGEN SOFTWARE,MIT college of engineering,Pune,2018
783,SUNGUARD OFF-SHORE SERIVCES(I) LTD.,MIT college of engineering,Pune,2018
784,SUPREME PETOCHEM LTD.,MIT college of engineering,Pune,2018
785,SUZLON ENERGY LTD.,MIT college of engineering,Pune,2018
786,SYMANTEC,MIT college of engineering,Pune,2018
787,SYMPHONY SERVICES PUNE PVT. LTD.,MIT college of engineering,Pune,2018
788,SYNERGY IFSOLUTIONS PTE LTD.,MIT college of engineering,Pune,2018
789,SYNERGY RELATIONSHIP MGMT SERVICES PVT. LTD.,MIT college of engineering,Pune,2018
790,SYNIGY INDIA LTD.,MIT college of engineering,Pune,2018
791,SYNTEL LTD.,MIT college of engineering,Pune,2018
792,TACO FAURECIA DESIGN CENTER,MIT college of engineering,Pune,2018
793,TACO GROUP,MIT college of engineering,Pune,2018
794,TAL MANUFACTURING SOLUTIONS LTD.,MIT college of engineering,Pune,2018
795,TATA CHEMICALS,MIT college of engineering,Pune,2018
796,TATA COMMUNICATION TRANSFORMATION SERVICES,MIT college of engineering,Pune,2018
797,TATA CONSULTANCY SERVICES LTD.,MIT college of engineering,Pune,2018
798,TATA ELXSI LTD.,MIT college of engineering,Pune,2018
799,TATA MOTORS LTD.,MIT college of engineering,Pune,2018
800,TATA PROJECTS LTD.,MIT college of engineering,Pune,2018
801,TATA RYERSON,MIT college of engineering,Pune,2018
802,TATA TECHNOLOGIES LTD.,MIT college of engineering,Pune,2018
803,TAVISKA SOLUTIONS,MIT college of engineering,Pune,2018
804,TECH MAHINDRA LTD.,MIT college of engineering,Pune,2018
805,TECHINT HYPERTHERM,MIT college of engineering,Pune,2018
806,TEGA INDUSTRIES LTD,MIT college of engineering,Pune,2018
807,TESTFUNDA,MIT college of engineering,Pune,2018
808,TEXITY SYSTEMS PVT. LTD.,MIT college of engineering,Pune,2018
809,TEXOL ENGINEERING PVT. LTD.,MIT college of engineering,Pune,2018
810,"THERMAX LTD,",MIT college of engineering,Pune,2018
811,THOUGHTWORKS TECHNOLOGIES (I) PVT LTD.,MIT college of engineering,Pune,2018
812,TOPAZ ENGINEERING,MIT college of engineering,Pune,2018
813,TORUX SOFTWARE PVT. LTD.,MIT college of engineering,Pune,2018
814,TOYOTA TECHNICAL DEVELOPMENT CORP.,MIT college of engineering,Pune,2018
815,TRANSLOGICS,MIT college of engineering,Pune,2018
816,TRANSOCEAN OFFSHORE INTERNATIONAL VENTURES LTD.,MIT college of engineering,Pune,2018
817,T-SYSTEMS (I) PVT. LTD.,MIT college of engineering,Pune,2018
818,TVS MOTORS CO LTD.,MIT college of engineering,Pune,2018
819,TYCO ELECTRONICS CORPORATION INDIA LTD.,MIT college of engineering,Pune,2018
820,UGS INDIA PVT. LTD.,MIT college of engineering,Pune,2018
821,UHDE INDIA,MIT college of engineering,Pune,2018
822,VA TECH WABAG LTD.,MIT college of engineering,Pune,2018
823,VALEO MINDA ELECTRICAL SYS. LTD.,MIT college of engineering,Pune,2018
824,VERIZON,MIT college of engineering,Pune,2018
825,VESTAS WIND TECHNOLOGY LTD.,MIT college of engineering,Pune,2018
826,VIDEOCON INDUSTRIES LTD.,MIT college of engineering,Pune,2018
827,VJ CORESOFT PVT. LTD.,MIT college of engineering,Pune,2018
828,VOLKSWAGEN INDIA PVT. LTD.,MIT college of engineering,Pune,2018
829,VRITTI SOLUTIONS,MIT college of engineering,Pune,2018
830,VULCAN ENGINEERS LTD.,MIT college of engineering,Pune,2018
831,WEATHERFORD,MIT college of engineering,Pune,2018
832,WEBSYM TECHNOLOGIES PVT. LTD.,MIT college of engineering,Pune,2018
833,WHIRLPOOL INDIA LTD.,MIT college of engineering,Pune,2018
834,WIPRO TECHNOLOGIES LTD.,MIT college of engineering,Pune,2018
835,WIPRO CONSUMER CARE & LIGHTING,MIT college of engineering,Pune,2018
836,XANSA INDIA PVT. LTD.,MIT college of engineering,Pune,2018
837,YENKAY INSTRUMENTS AND CONTROLS,MIT college of engineering,Pune,2018
838,ZENSAR TECHNOLOGIES LTD.,MIT college of engineering,Pune,2018
839,ZENSOFT SERVICES,MIT college of engineering,Pune,2018
840,ZS ASSOCIATES LTD,MIT college of engineering,Pune,2018
841,TCS (For students across Maharashtra),Pimpri Chinchwad College Of Engineering and Research,Pune,2018
842,IBM (For students across India),Pimpri Chinchwad College Of Engineering and Research,Pune,2018
843,Accenture (For students across Maharashtra),Pimpri Chinchwad College Of Engineering and Research,Pune,2018
844,Cognizant (For students across Maharashtra),Pimpri Chinchwad College Of Engineering and Research,Pune,2018
845,Patni (For students across Pune),Pimpri Chinchwad College Of Engineering and Research,Pune,2018
846,TechMahindra (For students across Pune),Pimpri Chinchwad College Of Engineering and Research,Pune,2018
847,Infosys (For students across India),Pimpri Chinchwad College Of Engineering and Research,Pune,2018
848,HP (For students across Maharashtra),Pimpri Chinchwad College Of Engineering and Research,Pune,2018
849,KPIT (For students across Pune),Pimpri Chinchwad College Of Engineering and Research,Pune,2018
850,L & T Infotech (For students across    Maharashtra),Pimpri Chinchwad College Of Engineering and Research,Pune,2018
851,Cap Gemini (For students across Pune),Pimpri Chinchwad College Of Engineering and Research,Pune,2018
852,Amdocs (For students across Maharashtra),Pimpri Chinchwad College Of Engineering and Research,Pune,2018
853,Oracle (For students across Pune),Pimpri Chinchwad College Of Engineering and Research,Pune,2018
854,Quinnox (For students across Maharashtra),Pimpri Chinchwad College Of Engineering and Research,Pune,2018
855,Z.F. Associates ( For students across    Maharashtra),Pimpri Chinchwad College Of Engineering and Research,Pune,2018
856,Wipro (For students across Maharashtra),Pimpri Chinchwad College Of Engineering and Research,Pune,2018
857,Synechron (For students across Pune),Pimpri Chinchwad College Of Engineering and Research,Pune,2018
858,Varroc Polymers,"Shree Ramchandra College of Engineering,Pune",Pune,2018
859,Wave Techline,"Shree Ramchandra College of Engineering,Pune",Pune,2018
860,QED Baton,"Shree Ramchandra College of Engineering,Pune",Pune,2018
861,Reva Electrical,"Shree Ramchandra College of Engineering,Pune",Pune,2018
862,SK Metals,"Shree Ramchandra College of Engineering,Pune",Pune,2018
863,Pure Study Software,"Shree Ramchandra College of Engineering,Pune",Pune,2018
864,Opulent Infotech,"Shree Ramchandra College of Engineering,Pune",Pune,2018
865,"RFIC solutions:S.M.Wireless Pvt.Ltd, Pune","Shree Ramchandra College of Engineering,Pune",Pune,2018
866,Dextware,"Shree Ramchandra College of Engineering,Pune",Pune,2018
867,Horizon Telecom,"Shree Ramchandra College of Engineering,Pune",Pune,2018
868,Cybernetics Software,"Shree Ramchandra College of Engineering,Pune",Pune,2018
869,Sulzon Earth,"Shree Ramchandra College of Engineering,Pune",Pune,2018
870,Amazon Web Service,"Shree Ramchandra College of Engineering,Pune",Pune,2018
871,Science Digital,"Shree Ramchandra College of Engineering,Pune",Pune,2018
872,SpringJaunter,"Shree Ramchandra College of Engineering,Pune",Pune,2018
873,Tribro Softech (P) Limited,"Shree Ramchandra College of Engineering,Pune",Pune,2018
874,Versatile Premedia Service,"Shree Ramchandra College of Engineering,Pune",Pune,2018
875,Ipca Laboratory Ltd,"Shree Ramchandra College of Engineering,Pune",Pune,2018
876,Isash It Solution Pvt Ltd,"Shree Ramchandra College of Engineering,Pune",Pune,2018
877,Makeb Technologies,"Shree Ramchandra College of Engineering,Pune",Pune,2018
878,Codexia Infotech,"Shree Ramchandra College of Engineering,Pune",Pune,2018
879,Griphold,"Shree Ramchandra College of Engineering,Pune",Pune,2018
880,Tata Motors,"Shree Ramchandra College of Engineering,Pune",Pune,2018
881,Polybond,"Shree Ramchandra College of Engineering,Pune",Pune,2018
882,Johndeere Technologies,"Shree Ramchandra College of Engineering,Pune",Pune,2018
883,Exide Batteries,"Shree Ramchandra College of Engineering,Pune",Pune,2018
884,Johnson,"Shree Ramchandra College of Engineering,Pune",Pune,2018
885,John Deere,"Shree Ramchandra College of Engineering,Pune",Pune,2018
886,Hyundai Heavy Industries,"Shree Ramchandra College of Engineering,Pune",Pune,2018
887,Glewoods Systems,"Shree Ramchandra College of Engineering,Pune",Pune,2018
888,Revine Technologies,"Shree Ramchandra College of Engineering,Pune",Pune,2018
889,CMS IT Services,"Shree Ramchandra College of Engineering,Pune",Pune,2018
890,JEPL,"Shree Ramchandra College of Engineering,Pune",Pune,2018
891,SAR GROUP,"Shree Ramchandra College of Engineering,Pune",Pune,2018
892,Silver Globe Solutions,"Shree Ramchandra College of Engineering,Pune",Pune,2018
893,TechnoGrowth Softwares,"Shree Ramchandra College of Engineering,Pune",Pune,2018
894,Power Torc Bolting,"Shree Ramchandra College of Engineering,Pune",Pune,2018
895,Matrix Power Systems,"Shree Ramchandra College of Engineering,Pune",Pune,2018
896,Think & Learn,"Shree Ramchandra College of Engineering,Pune",Pune,2018
897,SIKCO Automotives Pvt ltd.,"Shree Ramchandra College of Engineering,Pune",Pune,2018
898,Diamond Mining Industry,"Shree Ramchandra College of Engineering,Pune",Pune,2018
899,Pramod Fibers Pvt ltd,"Shree Ramchandra College of Engineering,Pune",Pune,2018
900,Tech Mahindra,"Trinity college of Engineering and Research,Pune",Pune,2018
901,zensar Technologies,"Trinity college of Engineering and Research,Pune",Pune,2018
902,YARDI  Software,"Trinity college of Engineering and Research,Pune",Pune,2018
903,IRTM Robotics,"Trinity college of Engineering and Research,Pune",Pune,2018
904,flextronics,"Trinity college of Engineering and Research,Pune",Pune,2018
905,Mahindra & Mahindra,"Trinity college of Engineering and Research,Pune",Pune,2018
906,Savysoft,"Trinity college of Engineering and Research,Pune",Pune,2018
907,L&T    Infotech,"Trinity college of Engineering and Research,Pune",Pune,2018
908,ADM    Softech,"Trinity college of Engineering and Research,Pune",Pune,2018
909,TCS,"Trinity college of Engineering and Research,Pune",Pune,2018
910,Satyam Tech,"Trinity college of Engineering and Research,Pune",Pune,2018
911,Mahindra,"Trinity college of Engineering and Research,Pune",Pune,2018
912,Zensar Technologies,"Trinity college of Engineering and Research,Pune",Pune,2018
913,John deer,"Trinity college of Engineering and Research,Pune",Pune,2018
914,BOSCH,"Trinity college of Engineering and Research,Pune",Pune,2018
915,Perrenial sys,"Trinity college of Engineering and Research,Pune",Pune,2018
916,Faurecia,"Trinity college of Engineering and Research,Pune",Pune,2018
917,ADM Softech,"Trinity college of Engineering and Research,Pune",Pune,2018
918,Crimson,"Trinity college of Engineering and Research,Pune",Pune,2018
919,SGS Tech,"Trinity college of Engineering and Research,Pune",Pune,2018
920,HP,"Trinity college of Engineering and Research,Pune",Pune,2018
921,Future Tech.    Solution,"Trinity college of Engineering and Research,Pune",Pune,2018
922,Mphasis,"Trinity college of Engineering and Research,Pune",Pune,2018
923,EKI,"Trinity college of Engineering and Research,Pune",Pune,2018
924,Araymonds,"Trinity college of Engineering and Research,Pune",Pune,2018
925,OFOS,"Trinity college of Engineering and Research,Pune",Pune,2018
926,Amazon,"Trinity college of Engineering and Research,Pune",Pune,2018
927,Prolifics,"Trinity college of Engineering and Research,Pune",Pune,2018
928,capgemini,"Trinity college of Engineering and Research,Pune",Pune,2018
929,Grand View,"Trinity college of Engineering and Research,Pune",Pune,2018
930,Falkom Design,"Trinity college of Engineering and Research,Pune",Pune,2018
931,Voltas,"Trinity college of Engineering and Research,Pune",Pune,2018
932,U & D    Square,"Trinity college of Engineering and Research,Pune",Pune,2018
933,EKI ,"Trinity college of Engineering and Research,Pune",Pune,2018
934,volkswagen,"Trinity college of Engineering and Research,Pune",Pune,2018
935,Jai Hind,"Trinity college of Engineering and Research,Pune",Pune,2018
936,Areymond,"Trinity college of Engineering and Research,Pune",Pune,2018
937,Horizon telcom,"Trinity college of Engineering and Research,Pune",Pune,2018
938,General    Motors India Ltd.,"Trinity college of Engineering and Research,Pune",Pune,2018
939,L&T Infotech,"Trinity college of Engineering and Research,Pune",Pune,2018
940,Assist. Engineering MPSC,"Trinity college of Engineering and Research,Pune",Pune,2018
941,Devagiri Fourging,"Trinity college of Engineering and Research,Pune",Pune,2018
942,Persistent    Systems,"Trinity college of Engineering and Research,Pune",Pune,2018
943,CEMCON    concrete,"Trinity college of Engineering and Research,Pune",Pune,2018
944,INFOSYS,"Trinity college of Engineering and Research,Pune",Pune,2018
945,TAFE Ltd,"Trinity college of Engineering and Research,Pune",Pune,2018
946,Briforce    Technologies,"Trinity college of Engineering and Research,Pune",Pune,2018
947,Protego India,"Trinity college of Engineering and Research,Pune",Pune,2018
948,Finntaito Inc-    Finland,"Trinity college of Engineering and Research,Pune",Pune,2018
949,Bosch Chasis    System,"Trinity college of Engineering and Research,Pune",Pune,2018
950,HSBC,"Trinity college of Engineering and Research,Pune",Pune,2018
951,Quick heal,"Trinity college of Engineering and Research,Pune",Pune,2018
952,Rookie    Web,"Trinity college of Engineering and Research,Pune",Pune,2018
953,L&T,"Trinity college of Engineering and Research,Pune",Pune,2018
954,HSBC Softr,"Trinity college of Engineering and Research,Pune",Pune,2018
955,Flexitronics,"Trinity college of Engineering and Research,Pune",Pune,2018
956,Force Motors,"Trinity college of Engineering and Research,Pune",Pune,2018
957,Scemco Electrical,"Trinity college of Engineering and Research,Pune",Pune,2018
958,Indian Army,"Trinity college of Engineering and Research,Pune",Pune,2018
959,Syntel,"Trinity college of Engineering and Research,Pune",Pune,2018
960,Vodafone,"Trinity college of Engineering and Research,Pune",Pune,2018
961,K J Automotive,"Trinity college of Engineering and Research,Pune",Pune,2018
962,Tech Starr IT,"Trinity college of Engineering and Research,Pune",Pune,2018
963,Accenture,"Trinity college of Engineering and Research,Pune",Pune,2018
964,Force motors,"Trinity college of Engineering and Research,Pune",Pune,2018
965,3 D PLM,"Trinity college of Engineering and Research,Pune",Pune,2018
966,Redwise    Consultant,"Trinity college of Engineering and Research,Pune",Pune,2018
967,Mass    Tech,"Trinity college of Engineering and Research,Pune",Pune,2018
968,CMS Computers,"Trinity college of Engineering and Research,Pune",Pune,2018
969,Securens,"Trinity college of Engineering and Research,Pune",Pune,2018
970,ZF Steering,"Trinity college of Engineering and Research,Pune",Pune,2018
971,Accenture,Vishwakarma Institute of Technology,Pune,2018
972,Imagination Technology,Vishwakarma Institute of Technology,Pune,2018
973,Sungard,Vishwakarma Institute of Technology,Pune,2018
974,ADP,Vishwakarma Institute of Technology,Pune,2018
975,Infosys,Vishwakarma Institute of Technology,Pune,2018
976,Synechron,Vishwakarma Institute of Technology,Pune,2018
977,Aker Powergas Pvt Ltd,Vishwakarma Institute of Technology,Pune,2018
978,John Deere,Vishwakarma Institute of Technology,Pune,2018
979,Tata Technologies,Vishwakarma Institute of Technology,Pune,2018
980,Atlas Copco India Ltd,Vishwakarma Institute of Technology,Pune,2018
981,Kirloskar Group,Vishwakarma Institute of Technology,Pune,2018
982,Texas Instruments,Vishwakarma Institute of Technology,Pune,2018
983,Barclays,Vishwakarma Institute of Technology,Pune,2018
984,Mercdez Benz,Vishwakarma Institute of Technology,Pune,2018
985,Thermax,Vishwakarma Institute of Technology,Pune,2018
986,Bosch India Ltd,Vishwakarma Institute of Technology,Pune,2018
987,Morgan Stanley Advantage Services Pvt Ltd,Vishwakarma Institute of Technology,Pune,2018
988,Thoughtworks,Vishwakarma Institute of Technology,Pune,2018
989,Calsoft,Vishwakarma Institute of Technology,Pune,2018
990,Mu Sigma Business Solutions,Vishwakarma Institute of Technology,Pune,2018
991,Toyo Engineering India Ltd. ,Vishwakarma Institute of Technology,Pune,2018
992,Cognizant,Vishwakarma Institute of Technology,Pune,2018
993,Murugappa Group,Vishwakarma Institute of Technology,Pune,2018
994,Trident Group,Vishwakarma Institute of Technology,Pune,2018
995,Cybage Software,Vishwakarma Institute of Technology,Pune,2018
996,Nihilent Technologies,Vishwakarma Institute of Technology,Pune,2018
997,Uhde India Pvt Ltd,Vishwakarma Institute of Technology,Pune,2018
998,Deloitte,Vishwakarma Institute of Technology,Pune,2018
999,Nvidia,Vishwakarma Institute of Technology,Pune,2018
1000,VVF India Ltd,Vishwakarma Institute of Technology,Pune,2018
1001,Eaton Technologies Pvt Ltd,Vishwakarma Institute of Technology,Pune,2018
1002,Oracle (OFSS),Vishwakarma Institute of Technology,Pune,2018
1003,Wavelet Technologies Pvt Ltd,Vishwakarma Institute of Technology,Pune,2018
1004,Emerson,Vishwakarma Institute of Technology,Pune,2018
1005,Persistent Systems Ltd,Vishwakarma Institute of Technology,Pune,2018
1006,"Webtech Developers Pvt Ltd, Pune",Vishwakarma Institute of Technology,Pune,2018
1007,E Q Technologic,Vishwakarma Institute of Technology,Pune,2018
1008,Sandvik Coromant,Vishwakarma Institute of Technology,Pune,2018
1009,Whirlpool India Ltd,Vishwakarma Institute of Technology,Pune,2018
1010,Forbes Marshall,Vishwakarma Institute of Technology,Pune,2018
1011,Sanmar Group,Vishwakarma Institute of Technology,Pune,2018
1012,Wipro,Vishwakarma Institute of Technology,Pune,2018
1013,Godrej Infotech,Vishwakarma Institute of Technology,Pune,2018
1014,Schneider Electric,Vishwakarma Institute of Technology,Pune,2018
1015,Yardi Software India Pvt Ltd,Vishwakarma Institute of Technology,Pune,2018
1016,Harbinger Group,Vishwakarma Institute of Technology,Pune,2018
1017,SNS Technology,Vishwakarma Institute of Technology,Pune,2018
1018,Zensar,Vishwakarma Institute of Technology,Pune,2018
1019,Honeywell,Vishwakarma Institute of Technology,Pune,2018
1020,Sudarshan Chemicals,Vishwakarma Institute of Technology,Pune,2018
1021,Z S Associates,Vishwakarma Institute of Technology,Pune,2018
1022,Accelya Kale Solution Ltd,Vishwakarma Institute of Technology,Pune,2018
1023,Infostrech Solutions Pvt Ltd,Vishwakarma Institute of Technology,Pune,2018
1024,S1 Services,Vishwakarma Institute of Technology,Pune,2018
1025,Amura Marketing Technologies Pvt Ltd,Vishwakarma Institute of Technology,Pune,2018
1026,Jindal Steel Works (Jsw),Vishwakarma Institute of Technology,Pune,2018
1027,Saint-Gobain,Vishwakarma Institute of Technology,Pune,2018
1028,Ansys Fluent India Ltd,Vishwakarma Institute of Technology,Pune,2018
1029,Johnson Controls,Vishwakarma Institute of Technology,Pune,2018
1030,Siemens,Vishwakarma Institute of Technology,Pune,2018
1031,Aquatech Asia,Vishwakarma Institute of Technology,Pune,2018
1032,L & T Infotech,Vishwakarma Institute of Technology,Pune,2018
1033,Sigma Software,Vishwakarma Institute of Technology,Pune,2018
1034,Avaya India Pvt Ltd,Vishwakarma Institute of Technology,Pune,2018
1035,Larsen & Toubro,Vishwakarma Institute of Technology,Pune,2018
1036,Sulzer India Ltd.,Vishwakarma Institute of Technology,Pune,2018
1037,Clarice Technologies,Vishwakarma Institute of Technology,Pune,2018
1038,Logiquad Solutions,Vishwakarma Institute of Technology,Pune,2018
1039,Symantec Software Ind Pvt Ltd,Vishwakarma Institute of Technology,Pune,2018
1040,Continental Automotive,Vishwakarma Institute of Technology,Pune,2018
1041,L'oreal,Vishwakarma Institute of Technology,Pune,2018
1042,Tata Motors,Vishwakarma Institute of Technology,Pune,2018
1043,Cummins India Ltd,Vishwakarma Institute of Technology,Pune,2018
1044,Mahindra & Mahindra,Vishwakarma Institute of Technology,Pune,2018
1045,Tavisca,Vishwakarma Institute of Technology,Pune,2018
1046,Faurecia,Vishwakarma Institute of Technology,Pune,2018
1047,Markets And Markets,Vishwakarma Institute of Technology,Pune,2018
1048,TCS,Vishwakarma Institute of Technology,Pune,2018
1049,Fiserv India Pvt Ltd,Vishwakarma Institute of Technology,Pune,2018
1050,Microsoft,Vishwakarma Institute of Technology,Pune,2018
1051,Te Connectivity India Pvt Ltd,Vishwakarma Institute of Technology,Pune,2018
1052,GKN Sinter Metals Private Ltd,Vishwakarma Institute of Technology,Pune,2018
1053,Mphasis,Vishwakarma Institute of Technology,Pune,2018
1054,Teach For India,Vishwakarma Institute of Technology,Pune,2018
1055,Gs Labs,Vishwakarma Institute of Technology,Pune,2018
1056,NTT Communications ( Japan),Vishwakarma Institute of Technology,Pune,2018
1057,Tech Mahindra,Vishwakarma Institute of Technology,Pune,2018
1058,Hindustan Unilever Ltd,Vishwakarma Institute of Technology,Pune,2018
1059,Opus Software,Vishwakarma Institute of Technology,Pune,2018
1060,Tibco Software India Pvt Ltd,Vishwakarma Institute of Technology,Pune,2018
1061,IBM,Vishwakarma Institute of Technology,Pune,2018
1062,Patni Computers,Vishwakarma Institute of Technology,Pune,2018
1063,Uniken Systems,Vishwakarma Institute of Technology,Pune,2018
1064,Icerties,Vishwakarma Institute of Technology,Pune,2018
1065,Principle Global Services,Vishwakarma Institute of Technology,Pune,2018
1066,Volkswagen India Pvt Ltd ,Vishwakarma Institute of Technology,Pune,2018
1067,Inautix,Vishwakarma Institute of Technology,Pune,2018
1068,Quick Heal,Vishwakarma Institute of Technology,Pune,2018
1069,Webonise Lab,Vishwakarma Institute of Technology,Pune,2018
1070,Indian Army,Vishwakarma Institute of Technology,Pune,2018
1071,Quinnox ,Vishwakarma Institute of Technology,Pune,2018
1072,Works Applications (Japan),Vishwakarma Institute of Technology,Pune,2018
1073,Indian Navy,Vishwakarma Institute of Technology,Pune,2018
1074,Rishabh Instruments,Vishwakarma Institute of Technology,Pune,2018
1075,Xtremum Solutions Pvt Ltd,Vishwakarma Institute of Technology,Pune,2018
1076,Infibeam,Vishwakarma Institute of Technology,Pune,2018
1077,Rohan Builders India Pvt Ltd,Vishwakarma Institute of Technology,Pune,2018
1078,ZF India,Vishwakarma Institute of Technology,Pune,2018
1079,Media Ocean,Vishwakarma Institute of Technology,Pune,2018
1080,Umas Pvt Ltd,Vishwakarma Institute of Technology,Pune,2018
1081,Tata Elxsi,Vishwakarma Institute of Technology,Pune,2018
1082,Mahindra Vehicle Manufacturers Ltd,Vishwakarma Institute of Technology,Pune,2018
1083,Nse Infotech,Vishwakarma Institute of Technology,Pune,2018
1084,Fluor Daniel,Vishwakarma Institute of Technology,Pune,2018
1085,ACG Worldwide,Vishwakarma Institute of Technology,Pune,2018
1086,General Motors,Vishwakarma Institute of Technology,Pune,2018
1087,Optymyze,Vishwakarma Institute of Technology,Pune,2018
1088,AGS Technology,Vishwakarma Institute of Technology,Pune,2018
1089,Geometric,Vishwakarma Institute of Technology,Pune,2018
1090,Pernod Ricard India Pvt. Ltd.,Vishwakarma Institute of Technology,Pune,2018
1091,Airtight Networks,Vishwakarma Institute of Technology,Pune,2018
1092,Godfrey Philips India Ltd,Vishwakarma Institute of Technology,Pune,2018
1093,Piaggio,Vishwakarma Institute of Technology,Pune,2018
1094,AKS Software,Vishwakarma Institute of Technology,Pune,2018
1095,Godrej Industries,Vishwakarma Institute of Technology,Pune,2018
1096,Portscape,Vishwakarma Institute of Technology,Pune,2018
1097,Alfa Laval,Vishwakarma Institute of Technology,Pune,2018
1098,GOL Offshore,Vishwakarma Institute of Technology,Pune,2018
1099,Praj Industries,Vishwakarma Institute of Technology,Pune,2018
1100,Ambuja Cement,Vishwakarma Institute of Technology,Pune,2018
1101,Goldman Sachs,Vishwakarma Institute of Technology,Pune,2018
1102,Premium Transmission Ltd,Vishwakarma Institute of Technology,Pune,2018
1103,Amdocs India,Vishwakarma Institute of Technology,Pune,2018
1104,Greaves Cotton,Vishwakarma Institute of Technology,Pune,2018
1105,Pridex Medicare Pvt Ltd,Vishwakarma Institute of Technology,Pune,2018
1106,Amos (Allianz Managed Operations & Services Se (Amos) - India),Vishwakarma Institute of Technology,Pune,2018
1107,Halliburton Offshore Services Inc,Vishwakarma Institute of Technology,Pune,2018
1108,Pubmatic,Vishwakarma Institute of Technology,Pune,2018
1109,Armacell India Pvt Ltd,Vishwakarma Institute of Technology,Pune,2018
1110,Harman International,Vishwakarma Institute of Technology,Pune,2018
1111,Rakuten,Vishwakarma Institute of Technology,Pune,2018
1112,Arxxus Technologies Ind Pvt Ltd,Vishwakarma Institute of Technology,Pune,2018
1113,Helium Consulting Pvt Ltd,Vishwakarma Institute of Technology,Pune,2018
1114,Rathivessels And Systems,Vishwakarma Institute of Technology,Pune,2018
1115,Audience Science India Pvt Ltd,Vishwakarma Institute of Technology,Pune,2018
1116,Hoonnar Tech,Vishwakarma Institute of Technology,Pune,2018
1117,Renishaw,Vishwakarma Institute of Technology,Pune,2018
1118,Auttomic Labs,Vishwakarma Institute of Technology,Pune,2018
1119,ILSI Group,Vishwakarma Institute of Technology,Pune,2018
1120,Rieco Industries Ltd,Vishwakarma Institute of Technology,Pune,2018
1121,Avalara,Vishwakarma Institute of Technology,Pune,2018
1122,India Bulls,Vishwakarma Institute of Technology,Pune,2018
1123,Savi Soft,Vishwakarma Institute of Technology,Pune,2018
1124,Bauer Kompressoren India Pvt Ltd,Vishwakarma Institute of Technology,Pune,2018
1125,Informatica,Vishwakarma Institute of Technology,Pune,2018
1126,Bentley Systems,Vishwakarma Institute of Technology,Pune,2018
1127,Inopen Technologies,Vishwakarma Institute of Technology,Pune,2018
1128,Soft Link,Vishwakarma Institute of Technology,Pune,2018
1129,Belzabar Design India Software Pvt Ltd,Vishwakarma Institute of Technology,Pune,2018
1130,Jacobs,Vishwakarma Institute of Technology,Pune,2018
1131,Sokrati Technologies,Vishwakarma Institute of Technology,Pune,2018
1132,BGR Energy Systems,Vishwakarma Institute of Technology,Pune,2018
1133,Jamna Auto Industries Ltd,Vishwakarma Institute of Technology,Pune,2018
1134,SQR Infotech,Vishwakarma Institute of Technology,Pune,2018
1135,Bitwise Solutions Pvt Ltd,Vishwakarma Institute of Technology,Pune,2018
1136,JP Morgan Chase,Vishwakarma Institute of Technology,Pune,2018
1137,Steria,Vishwakarma Institute of Technology,Pune,2018
1138,Black & Veatch,Vishwakarma Institute of Technology,Pune,2018
1139,Jubiliant,Vishwakarma Institute of Technology,Pune,2018
1140,Survik Software Pvt Ltd,Vishwakarma Institute of Technology,Pune,2018
1141,Blue Star,Vishwakarma Institute of Technology,Pune,2018
1142,Kalyani Forge Ltd,Vishwakarma Institute of Technology,Pune,2018
1143,Swift Infocom (India) Pvt.Ltd.,Vishwakarma Institute of Technology,Pune,2018
1144,Borm Bruckmeier Infotech India Pvt Ltd.,Vishwakarma Institute of Technology,Pune,2018
1145,Knightfrank India Ltd,Vishwakarma Institute of Technology,Pune,2018
1146,Symphony Technologies,Vishwakarma Institute of Technology,Pune,2018
1147,Bosch Chassis Systems India Ltd,Vishwakarma Institute of Technology,Pune,2018
1148,Kolte Patil Developers Ltd.,Vishwakarma Institute of Technology,Pune,2018
1149,Syntel,Vishwakarma Institute of Technology,Pune,2018
1150,Bristle Cone,Vishwakarma Institute of Technology,Pune,2018
1151,KPIT,Vishwakarma Institute of Technology,Pune,2018
1152,Tata Autocomp Systems Ltd,Vishwakarma Institute of Technology,Pune,2018
1153,Burckhardt Compression,Vishwakarma Institute of Technology,Pune,2018
1154,L & T IES,Vishwakarma Institute of Technology,Pune,2018
1155,Tetra Pak India Pvt Ltd,Vishwakarma Institute of Technology,Pune,2018
1156,Cadence Design Systems  ,Vishwakarma Institute of Technology,Pune,2018
1157,Levia Technologies,Vishwakarma Institute of Technology,Pune,2018
1158,Techniche Engg Pvt Ltd.,Vishwakarma Institute of Technology,Pune,2018
1159,Caparo,Vishwakarma Institute of Technology,Pune,2018
1160,L'OR'EAL India pvt ltd,Vishwakarma Institute of Technology,Pune,2018
1161,Third I Technosoft Pvt Ltd,Vishwakarma Institute of Technology,Pune,2018
1162,CDK Global,Vishwakarma Institute of Technology,Pune,2018
1163,Magna Steyr,Vishwakarma Institute of Technology,Pune,2018
1164,THOROGOOD ASSOCIATES,Vishwakarma Institute of Technology,Pune,2018
1165,Cisco,Vishwakarma Institute of Technology,Pune,2018
1166,Magnetimarelli,Vishwakarma Institute of Technology,Pune,2018
1167,Titan,Vishwakarma Institute of Technology,Pune,2018
1168,Crest Premedia Solutions Pvt Ltd,Vishwakarma Institute of Technology,Pune,2018
1169,Maruti Udyog,Vishwakarma Institute of Technology,Pune,2018
1170,Trans Engineers,Vishwakarma Institute of Technology,Pune,2018
1171,Confluxsys Pvt Ltd,Vishwakarma Institute of Technology,Pune,2018
1172,Marvell Semiconductor,Vishwakarma Institute of Technology,Pune,2018
1173,VA Tech Wabag,Vishwakarma Institute of Technology,Pune,2018
1174,Cyberoam Technologies Pvt Ltd,Vishwakarma Institute of Technology,Pune,2018
1175,Master Card,Vishwakarma Institute of Technology,Pune,2018
1176,Veda Engineering Pvt Ltd,Vishwakarma Institute of Technology,Pune,2018
1177,Cypress,Vishwakarma Institute of Technology,Pune,2018
1178,Mithi Software,Vishwakarma Institute of Technology,Pune,2018
1179,Versatile Equipments Pvt. Ltd.,Vishwakarma Institute of Technology,Pune,2018
1180,Digiapt Software Technologies Pvt Ltd.,Vishwakarma Institute of Technology,Pune,2018
1181,MUSCO Stampings (Mahindra),Vishwakarma Institute of Technology,Pune,2018
1182,Vertex Software,Vishwakarma Institute of Technology,Pune,2018
1183,DLF Utilities Ltd,Vishwakarma Institute of Technology,Pune,2018
1184,Manhatten,Vishwakarma Institute of Technology,Pune,2018
1185,Vertis Microsystems ,Vishwakarma Institute of Technology,Pune,2018
1186,Einfochips Ltd,Vishwakarma Institute of Technology,Pune,2018
1187,Must Garments,Vishwakarma Institute of Technology,Pune,2018
1188,Vignet It Solution,Vishwakarma Institute of Technology,Pune,2018
1189,EMTEC,Vishwakarma Institute of Technology,Pune,2018
1190,Navin Fluorine International Limited,Vishwakarma Institute of Technology,Pune,2018
1191,Vu Clip,Vishwakarma Institute of Technology,Pune,2018
1192,FAB,Vishwakarma Institute of Technology,Pune,2018
1193,Neeyamo,Vishwakarma Institute of Technology,Pune,2018
1194,Walchand Nagar Industries,Vishwakarma Institute of Technology,Pune,2018
1195,Fiat,Vishwakarma Institute of Technology,Pune,2018
1196,Neilsoft Ltd,Vishwakarma Institute of Technology,Pune,2018
1197,Welkin It Services Pvt Ltd,Vishwakarma Institute of Technology,Pune,2018
1198,FinIQ Consulting (India) Pvt Ltd,Vishwakarma Institute of Technology,Pune,2018
1199,Nelco Water,Vishwakarma Institute of Technology,Pune,2018
1200,Welspun,Vishwakarma Institute of Technology,Pune,2018
1201,Flextronics Technologies India Pvt Ltd.,Vishwakarma Institute of Technology,Pune,2018
1202,Optra Systems,Vishwakarma Institute of Technology,Pune,2018
1203,Wipro (VLSI),Vishwakarma Institute of Technology,Pune,2018
1204,FORD,Vishwakarma Institute of Technology,Pune,2018
1205,Oracle CGBU,Vishwakarma Institute of Technology,Pune,2018
1206,Xoriant,Vishwakarma Institute of Technology,Pune,2018
1207,Future Supply Chain Solutions Ltd,Vishwakarma Institute of Technology,Pune,2018
1208,Oracle (PGBU),Vishwakarma Institute of Technology,Pune,2018
1209,Zuari,Vishwakarma Institute of Technology,Pune,2018
1210,Gallup,Vishwakarma Institute of Technology,Pune,2018
1211,"Oriental Rubber Industries Ltd, Pune",Vishwakarma Institute of Technology,Pune,2018
1212,2 Coms Consulting Pvt. Ltd.,Vishwakarma Institute of Technology,Pune,2018
