name of company,salary
XORIANT,"₹657,673/yr"
3I INFOTECH,"₹382,116/yr"
QUINNOX,"₹446,973/yr"
CGI,"₹495,677/yr"
INDUS VALLEY PARTNERS,"₹788,735/yr"
VISTAAR TECHNOLOGIES,"₹516,757/yr"
IGATE,"₹29,996/mo"
DIEBOLD NIXDORF,"₹712,678/yr"
HEXAWARE TECHNOLOGIES,"₹30,641/mo"
GOLDENSOURCE CORPORATION,"₹534,819/yr"
MAQ SOFTWARE,"₹760,901/yr"
AURIONPRO SOLUTIONS,"₹474,548/yr"
DIRECTI,"₹1,656,475/yr"
ROLTA,"₹669,818/yr"
FINANCIAL SOFTWARE & SYSTEMS,"₹329,799/yr"
ZEUS LEARNING PVT. LTD,"₹33,993/mo"
ATOS,"₹25,600/mo"
L&T TECHNOLOGY SERVICES,"₹502,364/yr"
NESS TECHNOLOGIES,"₹556,324/yr"
MPHASIS,"₹710,194/yr"
INFIBEAM.COM,"₹659,610/yr"
J.P. MORGAN,"₹1,062,429/yr"
WIPRO,"₹482,653/yr"
ETP INTERNATIONAL,"₹403,306/yr"
PARAMATRIX TECHNOLOGIES,"₹395,842/yr"
NEOSOFT TECHNOLOGIES,"₹482,921/yr"
INFOSYS,"₹470,498/yr"
RAVE TECHNOLOGIES,"₹636,636/yr"
INFOGAIN,"₹415,614/yr"
CARWALE,"₹664,982/yr"
SMARTSTREAM TECHNOLOGIES,"₹996,753/yr"
REDIFF.COM,"₹795,108/yr"
HOUSING.COM,"₹1,706,825/yr"
NUCSOFT,"₹225,812/yr"
TECH MAHINDRA,"₹29,854/mo"
MAJESCO,"₹485,992/yr"
NEWGEN SOFTWARE,"₹432,807/yr"
GE,"₹708,060/yr"
JIO,"₹526,728/yr"
GEP,"₹734,589/yr"
ATOS-SYNTEL,"₹30,651/mo"
JUSTDIAL,"₹464,647/yr"
ORACLE,"₹753,646/yr"
BLUE STAR INFOTECH,"₹424,246/yr"
LARSEN & TOUBRO,"₹485,375/yr"
BROWSERSTACK,"₹1,644,642/yr"
TINYOWL TECHNOLOGY,"₹1,384,961/yr"
MORGAN STANLEY,"₹1,764,982/yr"
INGRAM MICRO,"₹515,321/yr"
TATA POWER SED,"₹437,428/yr"
TCS,"₹363,745/yr"
ZYCUS,"₹41,812/mo"
CLOVER INFOTECH,"₹17,444/mo"
COGNIZANT TECHNOLOGY SOLUTIONS,"₹504,272/yr"
CROWDFIRE,"₹1,630,692/yr"
JLT GROUP,"₹583,059/yr"
DOYEN INFOSOLUTIONS,"₹425,425/yr"
GERMINAIT SOLUTIONS,"₹661,179/yr"
63 MOONS TECHNOLOGIES,"₹422,205/yr"
FINICITY,"₹380,604/yr"
SECLORE TECHNOLOGY,"₹639,311/yr"
VERIXO TECHNOLOGIES,"₹216,692/yr"
WEB ACCESS,"₹21,851/mo"
IBM,"₹374,779/yr"
NELITO SYSTEM,"₹27,909/mo"
CMSS PRIVATE LIMITED,"₹14,130/mo"
NEEBAL TECHNOLOGIES,"₹560,963/yr"
LIONBRIDGE,"₹441,092/yr"
GOOGLE,"₹44,037/mo"
CREDR,"₹913,010/yr"
BNP PARIBAS,"₹53,484/mo"
CRISIL,"₹883,298/yr"
SYNERGY TECHNOLOGY SERVICES,"₹274,553/yr"
INSCRIPTS,"₹22,657/mo"
INTELLISWIFT,"₹15,516/mo"
HERE TECHNOLOGIES,"₹831,227/yr"
MASTEK,"₹38,791/mo"
GREYTRIX,"₹25,741/mo"
HCL TECHNOLOGIES,"₹305,980/yr"
FINANCIAL TECHNOLOGY INDIA,"₹33,613/mo"
GRACENOTE,"₹670,028/yr"
RUBIQUE,"₹901,680/yr"
EMBER TECHNOLOGIES,"₹306,086/yr"
TEJORA TECHNOLOGIES,"₹544,552/yr"
ACE SOFTWARE SOLUTIONS,"₹675,000/yr"
SOFT.COM,"₹21,638/mo"
VIRAL TECHNOLOGIES,"₹32,308/mo"
GEODESIC,"₹530,541/yr"
BRAINVIRE INFOTECH,"₹33,260/mo"
TOPPR.COM,"₹1,001,186/yr"
ECLERX,"₹395,431/yr"
IRIS BUSINESS SERVICES LIMITED,"₹376,900/yr"
IIT BOMBAY,"₹37,144/mo"
KPIT TECHNOLOGIES,"₹45,290/mo"
HOPSCOTCH (INDIA),"₹1,045,928/yr"
ZOOTY,"₹1,288,965/yr"
CAPGEMINI INVENT,"₹361,099/yr"
TRAVELEX,"₹770,711/yr"
LEARNINGMATE SOLUTIONS,"₹59,207/mo"
CALYPSO TECHNOLOGY,"₹1,202,798/yr"
GILBARCO VEEDER-ROOT,"₹517,416/yr"
NSETECH,"₹855,947/yr"
RELIANCE INDUSTRIES,"₹500,000/yr"
BANK OF AMERICA,"₹797,402/yr"
V2 SOLUTIONS,"₹273,148/yr"
EDCAST,"₹662,956/yr"
DIRECTION SOFTWARE SOLUTIONS,"₹43,857/mo"
INFRASOFT TECHNOLOGIES,"₹415,614/yr"
CBT INFOTECH PVT.,"₹27,708/mo"
CRAFTSVILLA.COM,"₹837,273/yr"
TSS CONSULTANCY,"₹446,159/yr"
QAD,"₹886,642/yr"
ABC,"₹26,742/mo"
COUPONDUNIA,"₹913,010/yr"
CEX WEBUY ENTERTAINMENT,"₹561,585/yr"
NCR,"₹1,371,478/yr"
TECHPROCESS PAYMENT SERVICES,"₹332,491/yr"
MOBILEUM,"₹385,356/yr"
DELOITTE,"₹741,821/yr"
POLARIS FT,"₹349,115/yr"
PRAXIS INTERACTIVE TECHNOLOGIES,"₹748,780/yr"
OSP LABS,"₹331,295/yr"
TRIGYN TECHNOLOGIES,"₹462,427/yr"
CIMPRESS,"₹861,754/yr"
LRN,"₹1,004,727/yr"
PATNI COMPUTER SYSTEMS,"₹27,614/mo"
MEDIA.NET,"₹1,385,379/yr"
SAINT-GOBAIN,"₹574,906/yr"
LOYLTY REWARDZ MNGT,"₹554,151/yr"
VE,"₹309,580/yr"
KIPROSH,"₹695,296/yr"
3DPLM SOFTWARE SOLUTION,"₹599,024/yr"
EURONET,"₹436,788/yr"
INDUS OS,"₹1,766,906/yr"
GEOMETRIC SOFTWARE SOLUTIONS,"₹737,980/yr"
SAAVN,"₹1,379,435/yr"
MILES SOFTWARE,"₹346,240/yr"
BOOKMYSHOW,"₹652,677/yr"
APAR TECHNOLOGIES,"₹22,409/mo"
SPHERE INFO SOLUTIONS,"₹19,254/mo"
PALADION,"₹22,508/mo"
AON HEWITT,"₹640,162/yr"
E-EMPHASYS TECHNOLOGIES,"₹764,729/yr"
VISIBLE ALPHA SOLUTIONS,"₹1,059,001/yr"
APPSDAILY,"₹1,279,385/yr"
TATA CONSULTANCY SERVICES,"₹363,632/yr"
SMS GUPSHUP,"₹965,156/yr"
SABA SOFTWARE,"₹745,992/yr"
SHOP101,"₹1,715,653/yr"
FUTURE FOCUS INFOTECH,"₹418,636/yr"
MU SIGMA,"₹709,027/yr"
ECLINICALWORKS,"₹343,078/yr"
STRIX SYSTEMS,"₹26,928/mo"
ANONYMOUS CONTENT,"₹24,096/mo"
LOUDCLOUD,"₹770,727/yr"
EASTERN SOFTWARE SYSTEMS,"₹16,974/mo"
CREATIVE IT INDIA,"₹681,725/yr"
CYBAGE SOFTWARE,"₹597,715/yr"
VALUEFY SOLUTIONS,"₹719,244/yr"
ANMSOFT,"₹10,927/mo"
MACTORES,"₹723,218/yr"
AUTOPLANT,"₹426,995/yr"
ICICI BANK,"₹326,028/yr"
SOFTWARE RESEARCH GROUP,"₹132,597/mo"
INTELLECT DESIGN ARENA,"₹426,394/yr"
AVEKSHAA TECHNOLOGIES,"₹377,189/yr"
DXC TECHNOLOGY,"₹15,083/mo"
SKILLNET SOLUTIONS,"₹309,292/yr"
VPHRASE,"₹348,289/yr"
PRAGITI,"₹501,863/yr"
M & R CONSULTANTS CORPORATION.,"₹373,041/yr"
RANCORE TECHNOLOGIES,"₹314,713/yr"
C2L BIZ,"₹27,529/mo"
IN-SOLUTIONS GLOBAL,"₹399,489/yr"
WNS,"₹409,027/yr"
COGOPORT,"₹980,241/yr"
WEBENGAGE,"₹696,522/yr"
ONMOBILE,"₹706,665/yr"
VIRTUSA,"₹28,831/mo"
WISDMLABS,"₹470,358/yr"
ENDURANCE INTERNATIONAL GROUP,"₹1,724,538/yr"
AMDOCS,"₹771,234/yr"
XL DYNAMICS,"₹683,094/yr"
CENVEO,"₹284,479/yr"
IDBI INTECH,"₹384,639/yr"
ONETURE TECHNOLOGIES,"₹439,605/yr"
TRICOM,"₹223,565/yr"
GEOMETRIC,"₹547,689/yr"
AUM INSURANCE BROKERS,"₹237,085/yr"
ROVI,"₹1,508,497/yr"
NEXSTEP INFOTECH,"₹25,251/mo"
THIRDWARE SOLUTION,"₹443,055/yr"
SIEMENS,"₹495,501/yr"
ZENSAR TECHNOLOGIES,"₹482,579/yr"
VNNOGILE,"₹12,627/mo"
HEWLETT-PACKARD,"₹1,114,263/yr"
RAYTHEON,"₹437,076/yr"
ESFERA & ASTER SOLUTIONS,"₹264,800/yr"
LIQUIDHUB,"₹582,901/yr"
ENHANCED SOFTWARE SOLUTIONS PVT.,"₹61,624/mo"
ACCION LABS,"₹620,870/yr"
NETWORK 18,"₹55,083/mo"
NEURAL IT,"₹16,824/mo"
OCTASHOP ERETAIL SERVICES,"₹11,064/mo"
ORION SYSTEMS INTEGRATORS,"₹1,094,582/yr"
DATAMATICS GLOBAL SERVICES,"₹34,249/mo"
BILLDESK,"₹453,175/yr"
CAPITA,"₹433,293/yr"
NUCLEUS SOFTWARE EXPORTS,"₹583,729/yr"
ZENITH SYSTEM SOLUTIONS,"₹579,967/yr"
FINO,"₹386,870/yr"
INFIBEAM,"₹643,497/yr"
CYBERTECH SYSTEMS,"₹603,441/yr"
CMC,"₹180,514/yr"
YES,"₹33,802/mo"
HEPTANESIA,"₹10,433/mo"
OPPORTUNE TECHNOLOGIES,"₹30,235/mo"
ZEDO,"₹603,875/yr"
XYZ (TURKEY),"₹16,267/mo"
HURIX,"₹426,923/yr"
TRIMAX,"₹285,649/yr"
ABRIGO,"₹626,972/yr"
THE ANNET GROUP,"₹528,085/yr"
CITIUSTECH,"₹62,577/mo"
QUANTIPHI,"₹892,379/yr"
INFINITE COMPUTING SYSTEMS,"₹19,375/mo"
ALEPO USA,"₹509,819/yr"
ICLARITY IT SERVICES,"₹15,382/mo"
EXCEL SOFTWARE & SYSTEMS,"₹25,806/mo"
REBEL FOODS (FORMERLY FAASOS),"₹963,319/yr"
ADAPTY,"₹520,474/yr"
LOGIXAL SOLUTIONS,"₹682,737/yr"
MIRRAW,"₹30,914/mo"
ZENITH INFOTECH,"₹621,632/yr"
TIS INTERNATIONAL,"₹372,586/yr"
MAJESCOMASTEK,"₹522,472/yr"
CMS IT SERVICES,"₹439,440/yr"
HARJAI COMPUTERS,"₹26,056/mo"
TATA,"₹444,286/yr"
NIRMAL BANG,"₹332,915/yr"
EXA,"₹532,804/yr"
AMBAB INFOTECH,"₹339,316/yr"
V K VENTURE,"₹66,296/mo"
NAAPTOL,"₹14,115/mo"
CROMPTON GREAVES,"₹95,866/yr"
ANUPAM MITTAL,"₹590,384/yr"
TICKERPLANT,"₹35,287/mo"
NVIDIA,"₹249,593/mo"
NEWGEN,"₹22,327/mo"
MOOFWD,"₹32,935/mo"
SARJAK CONTAINER LINES,"₹440,538/yr"
GE OIL & GAS,"₹1,326,678/yr"
SOFTLINK GLOBAL,"₹548,214/yr"
SCANIA,"₹43,857/mo"
I2 TECHNOLOGIES,"₹758,876/yr"
PEOPLE PRIME WORLDWIDE,"₹1,123,170/yr"
WERA FOOD TECHNOLOGY,"₹554,151/yr"
KONVERGE TECHNOLOGIES,"₹331,295/yr"
FACEBOOK,"₹43,857/mo"
SAMCOM TECHNOBRAINS,"₹53,484/mo"
LAHEY HEALTH BEHAVIORAL SERVICES,"₹813,245/yr"
ANTFARM (INDIA),"₹110,432/yr"
SELEC,"₹11,083/mo"
NET CONNECT,"₹224,634/yr"
TATA INSTITUTE OF SOCIAL SCIENCES,"₹385,087/yr"
CIRRIUS,"₹421,993/yr"
ITD CEMENTATION INDIA,"₹300,000/yr"
JUST COMPILE,"₹15,000/mo"
91STREETS MEDIA TECHNOLOGIES,"₹1,925,435/yr"
ICONNECT (VIRGINIA),"₹230,827/yr"
INSPEERO TECHNOLOGIES,"₹226,210/yr"
DONGRE TECHNOQUIP,"₹28,712/mo"
DONGSEO UNIVERSITY,"₹352,873/yr"
BSMART TECHNOLOGY,"₹631,687/yr"
HEADY,"₹28,703/mo"
TRIUMPHSYS,"₹33,225/mo"
NOMURA HOLDINGS,"₹1,055,820/yr"
ATCS,"₹17,179/mo"
WALT DISNEY COMPANY,"₹35,019/mo"
CERNER,"₹700,000/yr"
VULCAN INFOTECH,"₹13,798/mo"
ASHISH THAKUR,"₹443,321/yr"
ADFACTORS PR,"₹443,093/yr"
VERIZON,"₹41,169/mo"
KALPAVRUKSH SYSTEMS,"₹40,395/mo"
CRMNEXT,"₹554,151/yr"
ORIENT TECHNOLOGIES,"₹26,282/mo"
SECTECH,"₹34,238/mo"
LOGWIN,"₹203,311/yr"
DESS TECHNOLOGIES,"₹118,801/yr"
CRYSTALITE TECHNOLOGIES,"₹23,676/mo"
INTELLECAP,"₹531,346/yr"
PROSARES SOLUTIONS,"₹493,393/yr"
ACTIV EIGHT DIMENSIONS,"₹24,701/mo"
BITSTREET TECHNOLOGIES,"₹349,010/yr"
SANVIK COMPUTER CONSULTANTS,"₹55,818/mo"
EM,"₹27,608/mo"
PIPELINE SOFTWARE,"₹140,035/yr"
DRISHTI SOFT SOLUTIONS,"₹355,795/yr"
NETREACH ASIA,"₹441,246/yr"
ADITI,"₹37,439/mo"
PLEXITECH TECHNOLOGIES,"₹119,065/yr"
FAROOK,"₹40,395/mo"
MINDCRAFT SOFTWARE,"₹644,056/yr"
GE DIGITAL,"₹1,062,283/yr"
PROFESSIONAL ACCESS,"₹419,726/yr"
SHRIRAM VALUE SERVICES,"₹283,541/yr"
DIGITÉ,"₹584,216/yr"
INFOS,"₹180,000/yr"
ABM KNOWLEDGEWARE,"₹319,791/yr"
MAXGEN TECHNOLOGIES,"₹220,000/yr"
UNOTECH SOFTWARE,"₹322,686/yr"
ACCORD FINTECH,"₹307,000/yr"
AUTOMOTIVE COMMODITY EXCHANGE,"₹764,950/yr"
TELVENT,"₹1,764,367/yr"
PLAY GAMES24X7,"₹997,473/yr"
VERVALI SYSTEMS,"₹558,182/yr"
BURRP!,"₹992,786/yr"
SNSEPRO,"₹27,708/mo"
CBSI (MI),"₹641,812/yr"
ANAYAN SOFTWARE CONSULTANCY,"₹27,708/mo"
IKS HEALTH,"₹350,857/yr"
RELIGARE TECHNOVA,"₹494,023/yr"
STORYMIRROR,"₹517,642/yr"
TEAM COMPUTERS,"₹17,543/mo"
SODEL SOLUTIONS,"₹701,543/yr"
VISTAPRINT,"₹974,546/yr"
ADEPT CONSULTING AND SERVICES,"₹795,926/yr"
SAVVION,"₹1,249,418/yr"
SMILE AUTOMATION,"₹30,255/mo"
RELIANCE COMMUNICATIONS,"₹128,452/yr"
BARC,"₹69,773/mo"
QUALITYKIOSK,"₹26,751/mo"
PUNEET ART & ENGINEERING STUDIO,"₹1,096,428/yr"
FRACTAL ANALYTICS,"₹30,497/mo"
UNIKAIHATSU SOFTWARE,"₹775,149/yr"
SYNTROSYS,"₹12,995/mo"
WEB WERKS,"₹598,052/yr"
SUSHIL VASHISHT,"₹479,330/yr"
UNISTANZ,"₹25,498/mo"
CREDIT SUISSE,"₹957,887/yr"
BROCADE,"₹993,927/yr"
EQUIFAX,"₹483,042/yr"
4GL SOLUTIONS,"₹11,083/mo"
LUMINA DATAMATICS,"₹233,808/yr"
EXPERIS INDIA,"₹16,404/mo"
ACCENTURE,"₹299,512/yr"
FLIPKART,"₹25,498/mo"
KLOUDDATA,"₹22,086/mo"
UNITECH,"₹221,661/yr"
PAYJOY,"₹877,143/yr"
PAYCRAFT SOLUTIONS,"₹275,000/yr"
ARANCA,"₹30,595/mo"
TATA COMMUNICATIONS,"₹664,502/yr"
MAXIMUS INFOWARE,"₹24,603/mo"
INTUITTHINGS,"₹328,928/yr"
LATERAL EM SOFT,"₹274,107/yr"
IGP.COM,"₹885,577/yr"
IBM INDIA,"₹374,390/yr"
KIAORA EXPRESS,"₹114,552/yr"
CYGNET INFOTECH,"₹114,552/mo"
AVENUES INDIA,"₹22,086/mo"
INTERACTCRM,"₹17,849/mo"
JAYANT GOLHAR,"₹294,061/yr"
THINKING HUT IT SOLUTIONS,"₹11,164/mo"
IOTAP,"₹411,686/yr"
XENIUM DIGITAL,"₹25,491/mo"
INFOTECH,"₹454,815/yr"
APMOSYS TECHNOLOGIES,"₹332,491/yr"
TECOGIS,"₹30,567/mo"
ABHISEK,"₹18,450/mo"
APPSEMBLY,"₹332,491/yr"
AAAAA RENT-A-SPACE,"₹27,000/mo"
MERIL LIFE SCIENCES,"₹16,158/mo"
KGFSL,"₹141,149/yr"
SOFTWARE DEVELOPERS,"₹49,919/mo"
VIVACONNECT,"₹34,238/mo"
MRCCTECHFORZA,"₹9,708/mo"
JEET TECHNO SOLUTIONS,"₹24,959/mo"
NIXON,"₹25,877/mo"
WORLD WIDE TECHNOLOGY,"₹12,183/mo"
ELYSIUM TECHNOLOGIES,"₹5,881/mo"
EDUPRISTINE,"₹664,502/yr"
ALFRED GOBAR ASSOC,"₹520,902/yr"
CALSOFT,"₹566,421/yr"
INFOMEDIA18,"₹998,374/yr"
KAPALINE DIGITAL MEDIA & CONSULTANCY SERVICES,"₹280,152/yr"
MAHINDRA SATYAM,"₹235,249/yr"
ORANGE,"₹16,625/mo"
REVOLUX SOLUTIONS,"₹350,000/yr"
ON DEMAND AGILITY,"₹1,067,826/yr"
CLOUDFINCH INC.,"₹350,190/yr"
MYGLAMM,"₹1,020,000/yr"
OSG INFOTECH,"₹275,807/yr"
MIT,"₹2,006,535/yr"
VYOM LABS,"₹305,980/yr"
DIGITECH ELECTRONIC SYSTEMS,"₹11,403/mo"
STATE BANK OF INDIA,"₹37,439/mo"
NOVANET,"₹548,214/yr"
XESOT TECHNOLOGIES,"₹180,000/yr"
ADDIT INFOTECH,"₹16,446/mo"
TEKSHAPERS,"₹100,000/mo"
MSERVICES,"₹13,300/mo"
CODEBOX,"₹18,639/mo"
ENABLEM,"₹19,187/mo"
MELSTAR INFORMATION TECHNOLOGIES,"₹682,222/yr"
ACCORD INFOSYSTEMS,"₹436,788/yr"
VALUE CONSULTING,"₹14,976/mo"
GREEKSOFT TECHNOLOGIES,"₹423,448/yr"
TANDON GROUP,"₹33,225/mo"
VERTOZ,"₹13,300/mo"
AKBAR TRAVELS OF INDIA,"₹45,897/mo"
VISTAR CORPORATION,"₹350,000/yr"
CURRENT,"₹236,154/yr"
DELL,"₹518,206/yr"
AMAZON,"₹20,399/mo"
AIRSPAN,"₹97,000/mo"
CLOVER,"₹21,544/mo"
ASENTECH,"₹46,165/mo"
GLODYNE TECHNOSERVE LIMITED,"₹724,382/yr"
VERDANTIS,"₹436,788/yr"
DOTCOM SERVICES (INDIA),"₹13,900/mo"
BEWAKOOF BRANDS,"₹124,797/mo"
TURTLEMINT,"₹1,116,364/yr"
DOXPER ,"₹1,329,964/yr"
EBAOTECH,"₹1,369,516/yr"
STATE STREET SYNTEL,"₹443,321/yr"
VICTRA-VERIZON AUTHORIZED RETAILER,"₹16,625/mo"
IT TRAILBLAZERS,"₹470,498/yr"
IL&FS,"₹3,886,074/yr"
NATIONAL STOCK EXCHANGE OF INDIA,"₹630,446/yr"
LIBERTY VIDEOCON GENERAL INSURANCE,"₹31,868/mo"
SANKEY SOLUTIONS,"₹304,967/yr"
SABINFO TECHNOLOGIES,"₹12,239/mo"
OSOURCE INDIA PVT.,"₹428,372/yr"
GREYSOFT SOLUTIONS,"₹159,596/yr"
ESPIRE SYSTEM,"₹17,849/mo"
GNOSIS INFOTECH,"₹49,402/mo"
GREENSTACK COMPUTING,"₹1,385,763/yr"
IXIA SOLUTIONS,"₹609,933/yr"
TRUNKOZ GROUP,"₹17,509/mo"
WEBSHAR,"₹632,990/yr"
MICRO,"₹37,662/mo"
ACE DERIVATIVES & COMMODITY EXCHANGE,"₹12,480/mo"
BARITONE SOLUTIONS,"₹16,625/mo"
IVP (INDIA),"₹720,397/yr"
CRIMSON INTERACTIVE,"₹441,727/yr"
GENPACT,"₹442,378/yr"
BEDBATHMORE,"₹998,374/yr"
SILVEREYE SOFTWARE SOLUTIONS,"₹211,946/yr"
KONVERSATIONS,"₹509,966/yr"
INDIABULLS,"₹25,477/mo"
VENUSLABS WEB SOLUTIONS,"₹1,506,748/yr"
GEETA TECHNOSYS,"₹316,495/yr"
FALKONRY,"₹21,929/mo"
SOURCEONE,"₹424,703/yr"
ANLAGE HRO SERVICES,"₹263,746/yr"
MARLABS,"₹494,023/yr"
REMARKABLE SOFTWARE SERVICES,"₹11,762/mo"
PANORAMIC UNIVERSAL LIMITED,"₹193,217/yr"
PARINATI SOLUTIONS,"₹10,196/mo"
RAJA SOFTWARE LABS,"₹623,983/yr"
SIMPLE LOGIC,"₹22,327/mo"
PERICENT,"₹456,694/yr"
GATEWAY TECHNOLABS,"₹33,130/mo"
BP,"₹119,922/yr"
CLEANAWAY,"₹352,873/yr"
TESCO,"₹588,122/yr"
ABC SOFTWARES,"₹758,024/yr"
ZIM WORLD FREIGHT,"₹23,210/mo"
IT GURUS SOFTWARE,"₹279,091/yr"
MYNTRA,"₹538,775/yr"
INFINX HEALTHCARE,"₹40,797/mo"
TCS COMMUNICATIONS,"₹713,953/yr"
AGILE FINANCIAL TECHNOLOGIES,"₹41,169/mo"
YAHOO INDIA,"₹588,122/yr"
PARITY CUBE,"₹705,747/yr"
HECKYL TECHNOLOGIES,"₹26,649/mo"
HMK,"₹13,445/mo"
FLEXILOANS TECHNOLOGIES,"₹1,101,527/yr"
ZOPPER,"₹29,578/mo"
SCHNEIDER ELECTRIC,"₹443,321/yr"
3DI,"₹385,087/yr"
SISL,"₹529,310/yr"
SNAPWORK TECHNOLOGY,"₹345,000/yr"
PINSTORM,"₹745,571/yr"
OMNITECH INFOSOLUTIONS,"₹649,735/yr"
BIZONGO,"₹1,835,879/yr"
BSG ITSOFT,"₹20,399/mo"
WINMAX TECHNOLOGIES,"₹459,925/yr"
SMARTLY BUILT,"₹18,122/mo"
PEOPLE GROUP,"₹334,909/yr"
INFINI SYSTEMS,"₹320,906/yr"
CDAC MUMBAI,"₹265,993/yr"
ETOUCH SYSTEMS,"₹362,598/yr"
LNT GROUP,"₹60,000/mo"
PLAYSPAN,"₹1,058,620/yr"
MAGNA INFOTECH (INDIA),"₹51,357/mo"
ADOBE,"₹109,643/yr"
INSOLUTIONS GLOBAL,"₹438,571/yr"
AVHAN TECHNOLOGIES,"₹7,057/mo"
IIFL,"₹37,439/mo"
ARK,"₹352,873/yr"
APNAPAISA MARKETING AND SERVICE,"₹730,952/yr"
SPEAKWELL,"₹6,579/mo"
SHEZAR WEB TECHNOLOGIES,"₹443,321/yr"
THOMAS COOK,"₹44,954/mo"
CONTINUUM,"₹460,500/yr"
SHEOREY DIGITAL SYSTEMS,"₹34,238/mo"
XALTED INFORMATION SYSTEMS,"₹532,986/yr"
SERVPRO TECHNOLOGIES,"₹524,146/yr"
FINACUS SOLUTIONS,"₹194,921/yr"
HEALTH PRIME SERVICES (INDIA) PVT.,"₹374,390/yr"
COMPUNNEL,"₹454,236/yr"
TIME WARNER CABLE,"₹398,701/yr"
IVY MOBILITY,"₹591,561/yr"
TRANSASIA BIOMEDICALS,"₹534,843/yr"
BALAJI INTER INFOSYSTEMS,"₹30,410/mo"
CYLSYS SOFTWARE SOLUTION,"₹9,410/mo"
CYBERMARINE,"₹22,327/mo"
RAMESH & CO.,"₹509,966/yr"
BIZMATICS,"₹332,491/yr"
TOTAL QUALITY LOGISTICS,"₹374,390/yr"
MAA TECHNOLOGIES,"₹487,301/yr"
LOGIC ROOTS,"₹8,234/mo"
FLSMIDTH,"₹31,199/mo"
UNITED ONLINE,"₹503,278/yr"
GENESYS INTERNATIONAL,"₹282,299/yr"
QUODECK,"₹43,857/mo"
SHAWMAN SOFTWARE,"₹11,083/mo"
INTELLVISIONS SOFTWARE,"₹336,951/yr"
ARICENT,"₹32,091/mo"
NORTHERN TRUST,"₹19,996/mo"
SAMSUNG R&D INSTITUTE INDIA,"₹1,374,627/yr"
THYROCARE TECHNOLOGIES,"₹220,863/yr"
C&A,"₹27,411/mo"
WEBIAN TECHNOLOGIES,"₹11,513/mo"
SPANCO,"₹679,203/yr"
AASAANJOBS.COM,"₹635,172/yr"
DUSANE INFOTECH,"₹26,742/mo"
AYAM,"₹1,497,560/yr"
UBONA,"₹390,727/yr"
IT SHASTRA,"₹11,498/mo"
SPEEDLABS,"₹44,332/mo"
MEDIA NUCLEUS,"₹588,122/yr"
NAYAMODE,"₹36,260/mo"
FYND,"₹1,172,569/yr"
PNB METLIFE,"₹164,464/mo"
AARUSHI IT SOLUTIONS,"₹31,979/mo"
AVANADE,"₹515,361/yr"
MICROSOFT,"₹1,176,245/yr"
EDELWEISS FINANCIAL SERVICES,"₹420,548/yr"
PRAGMATIX,"₹305,980/yr"
ATIDAN,"₹935,975/yr"
SPAREAGE SEALS,"₹516,448/yr"
CHEERS INTERACTIVE,"₹215,438/yr"
NETGAINS NETWORK SOLUTIONS,"₹197,357/yr"
SOFTTACT,"₹8,159/mo"
SYNERGY,"₹713,953/yr"
PAGALGUY,"₹754,035/yr"
SOCIAL NEWSIA,"₹20,399/mo"
VARA UNITED,"₹9,627/mo"
FREESTONE INFOTECH,"₹27,596/mo"
GRID ANT TECHNOLOGIES,"₹1,213,438/yr"
JITESH PATIL,"₹16,807/mo"
DELTECS INFOTECH,"₹474,742/yr"
MILES (NORWAY),"₹16,625/mo"
BYZAN SYSTEM,"₹73,798/mo"
LIVQUIK TECHNOLOGY,"₹55,216/mo"
HOTSTAR,"₹1,447,746/yr"
NASKINTECH,"₹16,158/mo"
TECH WIND COMPUTER SERVICES,"₹42,055/mo"
YAHOO,"₹815,946/yr"
MAINTEC TECHNOLOGIES,"₹541,073/yr"
ROSHAN,"₹14,083/mo"
SETERUS,"₹374,390/yr"
GOLDMEDAL ELECTRICALS,"₹49,874/mo"
TVS,"₹20,331/mo"
"BAKER HUGHES, A GE COMPANY","₹1,152,774/yr"
GLOBALSPACE TECHNOLOGIES,"₹548,214/yr"
ENFINI LABS TECH CONSULTANT,"₹250,000/yr"
DUCK CREEK TECHNOLOGIES,"₹570,912/yr"
DR. BATRAS' POSITIVE HEALTH CLINIC,"₹232,576/yr"
RED SPARROW INFOTECH,"₹23,922/mo"
KANAKIA SPACES,"₹55,415/mo"
MERILENT,"₹27,708/mo"
GROUPM,"₹812,169/yr"
INTELENET,"₹529,310/yr"
UBS,"₹376,823/yr"
ASM TECHNOLOGIES,"₹21,624/mo"
SIXSIGMA,"₹425,588/yr"
INNOVA SOLUTIONS,"₹350,857/yr"
DONE SOLUTIONS,"₹110,830/yr"
ZOPHOP TECH,"₹1,339,636/yr"
BISTA SOLUTIONS,"₹717,806/yr"
MEDKNOW PUBLICATIONS,"₹388,161/yr"
GEBBS HEALTHCARE SOLUTIONS,"₹482,428/yr"
RECRUIT HOLDINGS,"₹664,982/yr"
ALL E TECHNOLOGIES,"₹33,225/mo"
SYMANTEC,"₹1,801,956/yr"
EDZEAL,"₹32,091/mo"
ADITYA IMAGING INFORMATION TECHNOLOGIES,"₹131,571/yr"
TATA INTERACTIVE SYSTEM,"₹664,502/yr"
PYKIH SOFTWARE,"₹33,130/mo"
MINDTREE,"₹15,948/mo"
UPGRAD,"₹42,199/mo"
VIRAAT DATATECH,"₹1,933,509/yr"
TEAMWARE SOLUTIONS,"₹30,595/mo"
MYSELF,"₹13,290/mo"
SCAN INFOTECH,"₹588,122/yr"
TRANSERV,"₹51,903/mo"
VIDYUT METALLICS,"₹176,437/yr"
IMPETUS TECHNOLOGIES,"₹497,510/yr"
IL&FS SECURITIES SERVICES,"₹141,149/yr"
NXEDGE,"₹24,959/mo"
MOUNTAIN KHAKIS,"₹1,400,000/yr"
NITYO INFOTECH,"₹86,138/mo"
PC TECHNOLOGY,"₹17,733/mo"
CORE EDUCATION & TECHNOLOGIES,"₹207,325/yr"
MONARCH INNOVATIVE TECHNOLOGIES PVT.,"₹19,935/mo"
JOHNSON CONTROLS,"₹792,989/yr"
OS3 INFOTECH,"₹224,088/yr"
GMR GROUP,"₹48,304/mo"
SYNOVERGE TECHNOLOGIES,"₹44,173/mo"
SUMHR,"₹33,225/mo"
PC TECH LEARNING CENTER,"₹199,495/yr"
STATE FARM,"₹22,166/mo"
VISA INC.,"₹997,473/yr"
THE IMAGE MOTION,"₹227,407/yr"
CMS INFO SYSTEMS,"₹609,572/yr"
BUILT.IO,"₹8,557/mo"
LEXMARK INTERNATIONAL,"₹11,413/mo"
ABN AMRO,"₹1,771,153/yr"
INTELIMENT,"₹265,993/yr"
SENIOR SERVICES FOR SOUTH SOUND,"₹1,111,111/yr"
MICM NET SOLUTIONS,"₹39,215/mo"
BIGTREE ENTERTAINMENT PVT.LTD.,"₹1,096,428/yr"
TURAKHIA GROUP,"₹17,644/mo"
VANGUARD TECHNOLOGIES,"₹400,000/yr"
E DOT SOLUTIONS,"₹438,571/yr"
FIS,"₹1,100,000/yr"
NEOQUANT SOLUTIONS,"₹42,227/mo"
KAISER PERMANENTE,"₹45,651/mo"
XANGARS,"₹671,562/yr"
VIRTUSAPOLARIS,"₹592,456/yr"
IVP,"₹11,370/mo"
TATVASOFT,"₹404,341/yr"
HETAL INFOTECH,"₹52,931/mo"
G5 WEB SERVICES,"₹16,446/mo"
KESTE,"₹849,407/yr"
GRAVITAS TECHNOLOGY,"₹1,137,036/yr"
MAHESH EDIBLE OIL INDUSTRIES,"₹77,581/mo"
PAYPAL,"₹1,483,642/yr"
PROTEGRITY,"₹1,176,245/yr"
BAYER,"₹532,964/yr"
GEODESIC INFORMATION SYSTEMS,"₹635,172/yr"
BOEING,"₹121,913/yr"
SAGE,"₹406,622/yr"
MASTERCOM,"₹28,000/mo"
EXEGESIS INFOTECH,"₹32,893/mo"
CLOUD ENERGY SOFTWARE,"₹20,253/mo"
CREATIVE THERMAL SOLUTIONS,"₹24,173/mo"
CORNERSTONE ONDEMAND,"₹623,983/yr"
GRAY MATRIX SOLUTIONS,"₹49,919/mo"
ARISTON,"₹554,151/yr"
PLANFIRMA TECHNOLOGIES ,"₹305,980/yr"
BEEHIVE SOFTWARE SERVICES,"₹42,528/mo"
SMART BUSINESS & IT SOLUTIONS,"₹31,199/mo"
TEEVRA EDUTECH,"₹554,151/yr"
INTERPRODUCTEC,"₹690,750/yr"
GROMOR FINANCE,"₹426,389/yr"
KAIZEN INFOTECH SOLUTIONS,"₹140,076/yr"
WEBSTREAM COMMUNICATIONS,"₹29,951/mo"
GENERAL INSURANCE OF INDIA (GIC RE),"₹73,095/mo"
NUCSOFT OSSLABS,"₹649,735/yr"
CHENOA INFORMATION SERVICES,"₹44,332/mo"
GRACEWORKS,"₹11,164/mo"
BHARAT PETROLEUM,"₹52,629/mo"
HDFC ERGO GENERAL INSURANCE,"₹159,480/yr"
INFORMATICA,"₹382,233/yr"
"BIRLA COLLEGE OF ARTS, SCIENCE AND COMMERCE KALYAN","₹11,083/mo"
INTERAC,"₹780,249/yr"
HDFC,"₹1,764,367/yr"
RAHUL ROY,"₹407,973/yr"
NETREACH TECHNOLOGIES,"₹595,798/yr"
C-EDGE TECHNOLOGIES,"₹54,821/mo"
LOCON SOLUTIONS,"₹882,184/yr"
CONVONIX,"₹467,405/yr"
DEIF,"₹50,000/mo"
NATIONAL BULK HANDLING,"₹536,442/yr"
HANS INFOTECH,"₹6,822/mo"
SYMPHONY TELECA,"₹685,395/yr"
IKSULA,"₹623,983/yr"
TATA CONSULTANCY SERVICES (NORTH AMERICA),"₹448,770/yr"
ONWARD TECHNOLOGIES INC.,"₹1,659,459/yr"
REGHUNATH,"₹332,491/yr"
CREATIVE INFORMATION TECHNOLOGY,"₹35,698/mo"
CASHCARE,"₹76,750/mo"
MAGTECH INDUSTRIES,"₹28,000/mo"
VIRTELA TECHNOLOGY SERVICES,"₹304,783/yr"
KALVEN TECHNOLOGIES,"₹50,997/mo"
OMNIPAYMENTS,"₹21,929/mo"
UGAM,"₹535,465/yr"
PXL SOFT,"₹17,834/mo"
SHIPLER TECHNOLOGY,"₹572,761/yr"
M.PAANI,"₹328,928/yr"
MULTISOFT CORPORATION,"₹626,008/yr"
ISOFT INDIA TECHNOLOGIES,"₹700,175/yr"
ROHIT GANDHI + RAHUL KHANNA,"₹14,504/mo"
SIEMPELKAMP,"₹773,022/yr"
RICKI'S,"₹30,000/mo"
WEBCHUTNEY STUDIO,"₹33,662/mo"
SENSYS TECH,"₹541,765/yr"
PI TECHNIQUES,"₹316,495/yr"
ICICI LOMBARD GENERAL INSURANCE COMPANY LIMITED,"₹208,371/yr"
PINWHEEL TECHNOLOGY,"₹398,989/yr"
HIGHBAR TECHNOLOGIES,"₹249,593/yr"
SAP,"₹799,479/yr"
PERSISTENT SYSTEMS (INDIA),"₹494,023/yr"
SOFTWARE DEVELOPERS OF AMERICA,"₹28,165/mo"
SERVOSYS SOLUTIONS,"₹14,279/mo"
NEXTSERVICES,"₹23,258/mo"
INTRAWEB SOLUTIONS,"₹13,290/mo"
TCS E-SERVE INTERNATIONAL,"₹38,791/mo"
TABREZ,"₹10,199/mo"
TIKONA DIGITAL NETWORKS,"₹12,461/mo"
WINSOFT TECHNOLOGIES,"₹383,750/yr"
IWEB TECHNOLOGY SOLUTIONS,"₹9,303/mo"
MINACS,"₹339,471/yr"
NEWELL BRANDS,"₹538,596/yr"
PODAR EDUCATION COMPLEX,"₹38,984/mo"
AMEYA INFOVISION,"₹11,328/mo"
DIRECT TECHNOLOGY,"₹8,122/mo"
CLEARTRIP,"₹649,735/yr"
CSI COMPUTECH,"₹517,052/yr"
COX & KINGS,"₹738,488/yr"
NOVIRE TECHNOLOGIES,"₹19,996/mo"
INDIAN DENTAL ASSOCIATION,"₹328,928/yr"
SOFTWARE ENGINEERING,"₹44,522/mo"
ARDENTISYS,"₹22,166/mo"
NSEIT,"₹58,812/mo"
PHI ROBOTICS,"₹481,359/yr"
CUSTOMER360,"₹748,780/yr"
PRAMOD GUPTA,"₹1,408,256/yr"
UJJWAL SIHAG,"₹711,589/yr"
ECI TELECOM,"₹617,529/yr"
SANCHIT,"₹27,909/mo"
COSTCO WHOLESALE,"₹58,812/mo"
I-NEXT SOLUTIONS,"₹1,019,933/yr"
KANIX SOLUTIONS,"₹16,446/mo"
YUSUF,"₹303,687/yr"
SAGARSOFT,"₹61,196/mo"
KAYD EFSEFSV E VSRFS VRERGDFVVC,"₹17,183/mo"
CONSINDIA,"₹548,214/yr"
JIGSEE,"₹368,990/yr"
SUTRA SERVICES,"₹66,498/mo"
WEATHERFORD,"₹50,000/mo"
QUICK HEAL TECHNOLOGIES PVT.,"₹25,853/mo"
LOGICSERVE DIGITAL,"₹48,346/mo"
COVERFOX,"₹664,982/yr"
NITAI PARTNERS,"₹10,734/mo"
ECHOFEEL,"₹27,708/mo"
INSPIRISYS SOLUTIONS LIMITED,"₹885,577/yr"
EBAY,£37/hr
GENIE SOFT SYSTEM,"₹26,599/mo"
ORIGINET TECHNOLOGIES,"₹333,446/yr"
VERINON TECH,"₹31,759/mo"
MOFIRST SOLUTIONS,"₹476,379/yr"
CELUSION TECHNOLOGIES,"₹627,445/yr"
KALPATARU COMPUTER SERVICES,"₹548,214/yr"
SPATIAL IDEAS,"₹664,982/yr"
RESILIENT SOFTECH,"₹295,192/yr"
TEST,"₹426,389/yr"
ANGEL BROKING,"₹471,029/yr"
RAPID GLOBAL BUSINESS SOLUTIONS (RGBSI),"₹635,172/yr"
NEOSOFT,"₹508,278/yr"
SYNCHRONOSS,"₹823,371/yr"
CYGNUS IT SOLUTIONS,"₹13,348/mo"
GODREJ INFOTECH,"₹380,313/yr"
NEXTGEN CLEARING,"₹279,091/yr"
FAST TRACK,"₹482,428/yr"
UNIVERSAL HUNT,"₹19,935/mo"
CHECKAPP HEALTHCARE TECHNOLOGY,"₹662,956/yr"
JOHNSON & JOHNSON,"₹374,390/yr"
"LKMJM,K","₹726,627/yr"
OYO,"₹1,223,919/yr"
CAZAAYAN,"₹29,744/mo"
INDIAGAMES,"₹406,084/yr"
SONY ELECTRONICS,"₹35,206/mo"
RINIRA TECHNOLOGIES,"₹700,380/yr"
SPINE TECHNOLOGIES,"₹26,375/mo"
CUSTOM INK,"₹25,414/mo"
HNL SYSTEMS,"₹14,408/mo"
CAPGEMINI,"₹390,727/yr"
LTI,"₹793,764/yr"
BA CONTINUUM INDIA,"₹875,924/yr"
PEGASUS INFOCORP,"₹846,896/yr"
II5 TECHNOLOGIES,"₹91,301/mo"
VOLGA INFOTECH,"₹1,156,067/yr"
HUNGAMA,"₹826,560/yr"
TIBCO SOFTWARE,"₹1,260,431/yr"
AG TECH,"₹23,567/mo"
NETCORE SOLUTIONS,"₹24,537/mo"
ITIVITI,"₹650,000/yr"
IDFY,"₹548,619/yr"
FORBES TECHNOSYS,"₹245,795/yr"
CONCERTO SOFTWARE,"₹258,885/yr"
GLOBALLOGIC,"₹758,547/yr"
AQM TECHNOLOGIES,"₹223,000/yr"
GENERAL MILLS,"₹1,302,074/yr"
ARRK,"₹1,200,006/yr"
GEECON GLOBAL,"₹8,725/mo"
GREYATOM,"₹1,713,487/yr"
NOKIA,"₹790,097/yr"
EXPERIS,"₹14,632/mo"
INFRASOFT,"₹1,531,966/yr"
ARCTERN,"₹767,287/yr"
GRAY ROUTES,"₹40,948/mo"
SUREPREP,"₹831,227/yr"
WEBSTAC SOFTWARE,"₹812,478/yr"
SMARTCONNECT TECHNOLOGIES,"₹543,263/yr"
DESTAR TECHNOLOGIES,"₹615,560/yr"
TIMESOFMONEY,"₹693,886/yr"
MAUJ MOBILE,"₹656,554/yr"
APTUS HEALTH,"₹902,298/yr"
LEAF TECHNOLOGIES,"₹1,926,638/yr"
NIIT TECHNOLOGIES,"₹614,000/yr"
DION GLOBAL SOLUTIONS,"₹1,522,729/yr"
VAMASHIP,"₹18,402/mo"
TECHTREK INDIA,"₹763,930/yr"
BIGINT MEDIA,"₹8,373/mo"
WEBAROO,"₹2,192,856/yr"
SERVION GLOBAL SOLUTIONS,"₹837,272/yr"
TRADEPAQ TRM,"₹531,346/yr"
MORNINGSTAR,"₹237,444/yr"
JOB,"₹672,263/yr"
STALLION,"₹420,664/yr"
DYNAKODE,"₹40,797/mo"
POLYTRON,"₹513,807/yr"
CMA CGM,"₹45,837/mo"
TATA CONSULTING ENGINEERS,"₹379,236/yr"
WECRAFT SOLUTIONS,"₹28,321/mo"
PRESCIENT INFOTECH,"₹16,880/mo"
RBC,"₹728,063/yr"
FINOUX SOLUTIONS,"₹1,079,491/yr"
SQS GROUP,"₹32,893/mo"
INTELLIGENCE NODE,"₹29,084/mo"
EXCEL ENGINEERING SERVICES,"₹1,070/hr"
FUJITSU,"₹42,491/mo"
FERMION INFOTECH,"₹10,271/mo"
EMBEDDED TECHNOLOGY LABS,"₹26,375/mo"
MANNARA TECHNOLOGIES,"₹359,765/yr"
A2Z,"₹1,254,084/yr"
VXL SOFTWARE,"₹20,000/mo"
CNERGYIS INFOTECH INDIA,"₹69,530/mo"
DWELLAR SYSTEMS,"₹22,166/mo"
HASHTAG MEDIA,"₹26,580/mo"
BIR INFOSYS,"₹570,632/yr"
SQUARE PIXEL,"₹50,828/mo"
INSIDER,"₹1,339,636/yr"
LEAR CORPORATION,"₹499,187/yr"
ATCOM MOBITECH,"₹41,894/mo"
TP-LINK,"₹266,493/yr"
AION INFOSYSTEMS,"₹13,157/mo"
IVS CONSULTING,"₹25,498/mo"
INTERTEK,"₹883,453/yr"
SYSTUMBDI,"₹969,473/yr"
GIESECKE & DEVRIENT,"₹352,873/yr"
LINENS 'N THINGS,"₹684,758/yr"
PERISCOPE TECHNOLOGIES,"₹42,491/mo"
IMPACT GURU,"₹1,069,686/yr"
NSYS DESIGN SYSTEMS,"₹11,899/mo"
AUDITIME INFORMATION SYSTEMS,"₹554,210/yr"
VIDEOGRAM,"₹1,582,474/yr"
INSTITUTIONAL SHAREHOLDER SERVICES,"₹40,662/mo"
KAPLAN TEST PREP,"₹1,358,407/yr"
EEXPEDISE GROUP,"₹266,493/yr"
ABSOLUTE INFORMATION SYSTEMS,"₹25,498/mo"
ASTRIKA INFOTECH,"₹22,385/mo"
CA TECHNOLOGIES,"₹1,677,621/yr"
I-LINK INFOSOFT CONSULTANTS,"₹588,122/yr"
TECHNOWIN SOLUTIONS,"₹219,286/yr"
MERCE,"₹970,402/yr"
"ZENTECH, INC.","₹1,203,921/yr"
WAVE INFOTECH,"₹608,207/yr"
NUANCE,"₹3,064,250/yr"
GE AVIATION,"₹30,336/mo"
CHIPOTLE,"₹10,964/mo"
PERSONAGRAPH,"₹883,453/yr"
INTERACTIVE INTELLIGENCE,"₹1,219,133/yr"
FREELANCER,"₹341,111/yr"
NETSCOUT,"₹1,323,275/yr"
E.SOFT TECHNOLOGIES,"₹85,575/mo"
INTELECORP SOFTWARE,"₹49,371/mo"
DELMON SOLUTIONS,"₹31,796/mo"
MASCON GLOBAL,"₹506,044/yr"
TIETO,"₹105,498/yr"
TEMENOS,"₹798,884/yr"
INDIA WEBPORTAL,"₹904,341/yr"
ITC INFOTECH,"₹401,307/yr"
QUOSPHERE INFOSOLUTIONS,"₹746,081/yr"
ERGODE INC,"₹530,072/yr"
QTECH SOFTWARE,"₹15,248/mo"
SOFTEX,"₹29,924/mo"
GFI INFORMATIQUE,"₹664,982/yr"
RELIANCE ENERGY LIMITED,"₹13,157/mo"
AVVAS INFOTECH,"₹841,096/yr"
TENO,"₹662,590/yr"
ZENTECH INFO SOLUTIONS,"₹664,982/yr"
DATAMATICS GROUP,"₹37,546/mo"
MINDGATE SOLUTIONS,"₹37,640/mo"
SAMSUNG ELECTRONICS,"₹566,421/yr"
INCAENDO TECHNOLOGIES,"₹470,498/yr"
HINDTECH,"₹127,917/yr"
TRUCKOLA TECHNOLOGIES,"₹609,933/yr"
GRIDLOGICS,"₹11,083/mo"
LOCALOYE,"₹28,532/mo"
NAGARRO,"₹22,000/mo"
EXLVIS SOLUTION,"₹28,321/mo"
FICTION 2 FACT,"₹10,660/mo"
ESOFT TECHNOLOGIES,"₹1,211,532/yr"
PAKTOLUS,"₹43,857/mo"
BASE TECHNOLOGIES,"₹150,089/yr"
WEB I TECHNOLOGIES,"₹35,338/mo"
PROGRESS,"₹990,322/yr"
LOGITIA SOLUTIONS,"₹30,598/mo"
FREECHARGE,"₹1,049,101/yr"
CITIZEN SCALE INDIA,"₹27,708/mo"
EZ-XBRL SOLUTIONS,"₹1,114,238/yr"
SOFTENGER,"₹22,542/mo"
AXIS BANK,"₹588,122/yr"
MICRO TECHNOLOGIES (INDIA),"₹364,636/yr"
VIRBAC,"₹843,986/yr"
WELLS FARGO,"₹376,823/yr"
KRPO,"₹31,979/mo"
GRAND TETON LODGE CO.,"₹106,228/yr"
QUINNOX SOLUTIONS,"₹29,748/mo"
BLIS,"₹100,000/yr"
ARK TECHNOSOLUTIONS,"₹11,637/mo"
REACHLOCAL,"₹1,662,454/yr"
WISSEN INFOTECH,"₹1,062,283/yr"
PATH INFOTECH,"₹385,087/yr"
MITR LEARNING & MEDIA  ,"₹39,471/mo"
CMC MAGNETICS CORP,"₹361,821/yr"
AUXANO TECHNOLOGIES,"₹609,127/yr"
BALAJI SOFTWARE,"₹16,319/mo"
SPANIDEA,"₹962,718/yr"
MOBIUSO,"₹90,000/mo"
SYNOPSYS,"₹1,674,546/yr"
CREMINDS SOFTWARE & SOLUTIONS,"₹66,259/mo"
INDIGITAL TECHNOLOGIES,"₹15,248/mo"
SYNOVA,"₹649,735/yr"
SPORTZ INTERACTIVE,"₹566,421/yr"
DAFFODIL SOFTWARE,"₹1,764,367/yr"
AFFINITY,"₹436,838/yr"
INSIGHT INSIDE,"₹37,439/mo"
STYLABS,"₹1,228,000/yr"
TRIOLOGIC MEDIA SOLUTIONS,"₹41,169/mo"
MONTRAN,"₹54,821/mo"
AMBIT,"₹559,106/yr"
ACCOLITE,"₹1,141,263/yr"
FOUNTAINHEAD DIGITAL,"₹560,963/yr"
LYRA NETWORK,"₹68,574/mo"
SASKEN,"₹755,871/yr"
OPENTABLE,"₹1,984,409/yr"
SUN MICROSYSTEMS,"₹49,339/mo"
GROWEL SOFTECH,"₹34,477/mo"
HINDUJA GLOBAL SOLUTIONS,"₹159,110/yr"
KRISOL INFOSOFT,"₹197,357/yr"
WESTERN UNION,"₹839,453/yr"
TERA TECHNOLOGIES,"₹946,770/yr"
IDHASOFT,"₹132,900/yr"
HDFC BANK,"₹534,843/yr"
MAGNITUDE SOFTWARE,"₹1,054,983/yr"
CGI (NEVADA),"₹444,170/yr"
PCS TECHNOLOGY LIMITED,"₹38,375/mo"
HOSTWAY,"₹1,006,674/yr"
COLLABERA,"₹1,036,286/yr"
PHILIPS,"₹300,000/yr"
ROBONIK INDIA,"₹53,299/mo"
BOON INSURANCE WEB AGGREGATOR,"₹50,420/mo"
RACHIOTEK,"₹17,119/mo"
LIMRA TECHNOSYS,"₹15,000/mo"
CSCI CONSULTING,"₹334,909/yr"
SKYTECH SOLUTIONS,"₹1,092,095/yr"
RANJAN SAGAR,"₹28,037/mo"
ROLSON INFOTECH SOLUTION,"₹550,764/yr"
FUTURE GROUP,"₹1,918,749/yr"
PM AM,"₹187,195/yr"
ACZET,"₹458,970/yr"
FRESHER THAN FRESH,"₹498,736/yr"
INTERACTIVE BROKERS,"₹765,000/yr"
BOOKONSPOT TRAVEL SOLUTIONS,"₹159,480/yr"
MSP1 MANAGED IT SERVICES,"₹132,996/yr"
EXPONENTIAL SOLUTIONS & CONSULTANCY SERVICES,"₹180,000/yr"
PATHFINDERS,"₹25,482/mo"
NIMAP INFOTECH,"₹23,525/mo"
ASPIRE SYSTEMS,"₹500,000/yr"
BACELOR,"₹717,806/yr"
KOTAK SECURITIES,"₹319,791/yr"
GLOBALGYAN,"₹20,331/mo"
PANKANIS TECHNOLOGIES,"₹1,149,913/yr"
